
> check
> npm test && npm run build


> test
> node scripts/test-unit.mjs

✔ AdSense reste inactif sans identifiant et refuse les valeurs inventées (1.076081ms)
✔ la vérification du compte n'émet aucune requête publicitaire (0.55446ms)
✔ un ancien chargeur publicitaire ne peut contourner la désactivation (0.269508ms)
✔ ads.txt porte l'identifiant pub sans le préfixe ca- (0.116872ms)
✔ revenue discounts non-editorial views, unreached slots, consent/adblock and unfilled requests once (1.123853ms)
✔ direct sponsorship replaces inventory and includes its sales time instead of adding a second revenue on it (0.197667ms)
✔ no audience or eligible inventory means no programmatic income but costs remain (0.201109ms)
✔ invalid rates, oversold inventory and density cannot produce plausible forecasts (0.474599ms)
✔ le domaine public canonique est 500signatures.fr (12.631506ms)
✔ seule la branche main peut déclencher le déploiement de production (1.244289ms)
✔ la publication part du répertoire qui porte les fonctions d'edge (2.38937ms)
✔ la fonction d'aperçu est bien dans ce répertoire-là (2.152716ms)
✔ la publication porte le répertoire que le build écrit (0.924659ms)
✔ le build compile ce que le déploiement enverra (0.94907ms)
✔ 1. la carte de chaque analyse publiée porte du texte peint, dans ses marges (2937.832352ms)
✔ 1 bis. le build écrit ces cartes-là, peintes avec la fonte du dépôt (1390.437021ms)
✔ 2. la carte d'une analyse porte sa source et le millésime de son chiffre (4.358177ms)
✔ 2 bis. une analyse longue attribue sa carte à la source de la preuve correspondante (4.986771ms)
✔ 2 ter. la carte reçoit tous les chiffres publiés que le verdict oppose (3.568546ms)
✔ 2 quater. un chiffre d'un autre exercice n'est pas peint sous ce millésime (2.429563ms)
✔ 2 bis. sans source déclarée, la carte ne se rabat pas sur celle de la déclaration (3.026616ms)
✔ 3. un chiffre qui n'est pas en euros n'est pas peint comme un montant (2.317722ms)
✔ 4. les balises de partage portent des adresses absolues (1.349385ms)
✔ 4 bis. un dossier expose un titre de recherche court et un Article JSON-LD (0.659478ms)
✔ 5. l'adresse du site est un paramètre, et elle doit être absolue (0.395356ms)
✔ 6. les mots d'une carte de section sont ceux du gabarit, sa date celle du build (0.469238ms)
✔ 6 bis. chaque section a son image, et aucune ne dément le titre posé à côté (739.380433ms)
✔ 6 ter. l'index des analyses annonce sa propre image, pas celle du site (1.827741ms)
✔ 7. une page qui annonce une image absente fait échouer le build (10.120553ms)
✔ 7 bis. le build appelle ce contrôle, et l'appelle après la dernière page (1.659929ms)
✔ 7 ter. le build appelle aussi le contrôle de l'image du scénario (1.004312ms)
✔ 8. le dossier conserve sa canonique sans commande de citation (7.1856ms)
✔ 8 bis. le pré-rendu passe ce permalien au rendu, il ne le recolle pas (0.687336ms)
✔ 8 ter. le dossier de preuve est servi avec sa canonique et ses métadonnées sociales (6.965504ms)
✔ 8 quater. Sources et méthode est pré-rendue avec sa canonique et son image propres (1.698149ms)
✔ 8 quinquies. les documents éditoriaux déclarent l'état qui laisse Simuler navigable (4.224001ms)
✔ 9. le plan du site liste la racine, les chemins de vues et les analyses publiées (2.736261ms)
✔ 10. robots.txt et le plan lisent l'adresse du site, ils ne la portent pas en dur (0.453096ms)
✔ 11. le build rougit dès qu'une adresse du plan ne répond pas (81.63154ms)
✔ 11 bis. les pages publiques ont leurs documents et supportent une vraie page 404 (30.047613ms)
✔ 11 ter. chaque document annoncé déclare la bonne canonique, ou aucune (54.860153ms)
✔ 11 quater. le build appelle ce contrôle, et l'appelle après la dernière page (0.997269ms)
✔ 12. le gabarit sert l'accueil narratif sans exécuter une ligne (11.828854ms)
✔ 12 bis. le pré-rendu sert les trois portes avant la simulation (12.5788ms)
✔ 12 ter. le pré-rendu de l'accueil ne dépend plus d'un territoire tiré au sort (0.385528ms)
✔ 12 ter. le pré-rendu rougit si le cadre disparaît ou repart replié (0.288ms)
✔ 12 quater. le build écrit l'accueil dans le gabarit, et le gabarit seulement (0.781007ms)
✔ 13. le gabarit ne s'annonce plus comme une de ses vues (0.407033ms)
✔ 14. /bilan ne sert plus l'attribution ni la méthode (3.564995ms)
✔ 14 bis. le bilan part déplié, et l'accueil replié (0.390098ms)
✔ 14 quater. le document de /bilan déclare sa canonique, le gabarit toujours aucune (40.42473ms)
✔ 14 quinquies. le build écrit cette page, et l'écrit avant le plan du site (1.056645ms)
✔ 15 quinquies. la liste des cadres se lit dans le gabarit, et elle n'est pas vide (0.151364ms)
✔ 15 sexies. la composition France publiée ne contient aucun cadre vide (15.143393ms)
✔ 15. la source Europe pré-rendue résout vers une fiche effectivement servie (3.680333ms)
✔ 15. le bilan publié suit la maquette complète et n'annonce que les chapitres disponibles (11.166494ms)
✔ 15 bis. le pré-rendu ne réintroduit aucun doublon du verdict (5.31125ms)
✔ 15 ter. le pré-rendu transmet les pays aux comparaisons des arbitrages France (0.612509ms)
✔ 15. /bilan sert graphiques, chiffres et projection sourcée sans JavaScript (5.526054ms)
✔ 15 bis. la vue France part dépliée et l'accueil reste replié (5.118706ms)
✔ 15 ter. un bloc sans données est omis, sans remplacer ses chiffres (4.760429ms)
✔ la Sécurité sociale disparaît sans ses séries et revient avec elles (14.45917ms)
✔ 15 quater. le pré-rendu rougit plutôt que de servir une page sans repères (9.898997ms)
✔ 15 quinquies. le document de /bilan déclare sa canonique, le gabarit toujours aucune (42.260877ms)
✔ 15 sexies. le build écrit cette page, et l'écrit avant le plan du site (1.027929ms)
✔ 1. sans fonte fournie, la carte sort à la bonne taille et sans une lettre (753.101899ms)
✔ 2. deux titres différents donnent deux images différentes (1246.089928ms)
✔ 3. le PNG est un PNG, aux dimensions de la carte (278.715914ms)
✔ 4. l'espace fine des montants n'est ni un carré vide ni une espace ordinaire (12.788094ms)
✔ 5. les accents, les guillemets et le signe € sont peints, pas des carrés (1622.094042ms)
✔ la racine rend l'accueil, et l'accueil n'est pas une vue de l'application (1.201233ms)
✔ `basculerVue` montre l'accueil à la racine et le masque partout ailleurs (0.425799ms)
✔ le cadre de l'accueil est servi déplié, celui de la carte replié (0.259717ms)
✔ l'accueil ne peint qu'une fois le catalogue et les producteurs connus (0.486058ms)
✔ le tirage de l'exemple se fait au montage, jamais dans le rendu (0.288329ms)
✔ le montage pose France avant les autres parcours (0.311632ms)
✔ aucune vue existante ne bouge : la carte reste à /territoire (0.458035ms)
✔ un lien déjà partagé ne change pas de destination (0.286783ms)
✔ il n'y a qu'un champ de recherche, et l'accueil vise celui-là (0.850734ms)
✔ « Chercher ma commune » ouvre le champ de la page Territoires (0.604625ms)
✔ le lien de l'exemple mène au chemin de la carte, pas à une adresse composée à la main (1.539454ms)
✔ le lien de l'exemple porte les deux paramètres que lireUrl lit, sous leurs noms (2.00536ms)
✔ la maille de l'exemple est une couche de la carte : niveauConnu la garde (1.473152ms)
✔ arrivé sur ce lien, la sélection ouvre la fiche (0.356726ms)
✔ les trois séries de l'exemple sont des agrégats en euros, jamais un par-habitant (0.574683ms)
✔ l'accueil déjà écrit n'est pas repeint tant que la publication n'a pas bougé (0.368689ms)
✔ les deux côtés nomment le même attribut, et la même version (0.340089ms)
✔ les deux côtés comptent le même catalogue (0.454625ms)
✔ 1. le verdict du moment est la plus récente des analyses mises en avant (10.722998ms)
✔ 2. sans aucune mise en avant, le repli est la plus récente — jamais un accueil sans verdict (0.175137ms)
✔ 3. la carte-verdict porte le chiffre annoncé, le chiffre des comptes, le cran et le lien (0.884615ms)
✔ 4. l'auteur et la date de la déclaration s'affichent quand l'analyse les porte (0.241862ms)
✔ 5. la source du chiffre des comptes n'est pas celle de la déclaration mise en cause (0.305545ms)
✔ 5 bis. sans auteur, la source de l'énoncé ne s'annonce pas comme une déclaration (10.548938ms)
✔ 5 ter. avec un auteur, la déclaration est bien annoncée comme telle (0.42481ms)
✔ 6. un indicateur absent du catalogue ne peint pas un montant : pas d'unité de repli (0.223169ms)
✔ 7. un taux observé garde son unité : jamais un pourcentage peint en millions d'euros (0.632057ms)
✔ 8. le titre et l'affirmation sont échappés (0.484264ms)
✔ 9. sans aucune analyse publiée, le bloc n'écrit pas un cadre vide (0.181502ms)
✔ 10. la porte du simulateur liste les défis existants, et n'embarque pas de simulateur (0.363519ms)
✔ 11. la porte du simulateur n'écrit aucun montant : elle ne reçoit aucun fichier publié (15.450894ms)
✔ 12. le tirage ne montre jamais un territoire dont une valeur manque (1.319292ms)
✔ 13. le tirage parcourt toute la liste des territoires complets (0.245413ms)
✔ 14. sans territoire complet, le bloc montre le champ de recherche sans exemple (0.174661ms)
✔ 15. l'exemple montre ses montants en millions d'euros, jamais par habitant (0.810441ms)
✔ 16. un taux varie en points, un montant en pourcentage (108.934164ms)
✔ 17. un taux publié pour mille suit la conversion de l'écran, jamais un chiffre dix fois trop grand (4.189811ms)
✔ 18. une série qui partait de zéro n'affiche pas de variation infinie (0.5537ms)
✔ 19. le bloc vise le champ de recherche du site, il n'en construit pas un second (0.616001ms)
✔ 20. l'exemple montre un territoire à la fois : aucun classement (0.497986ms)
✔ 21. les analyses récentes se rangent par date de publication, jamais par montant (0.411321ms)
✔ 22. chaque carte porte son cran et sa date, et six au plus (0.233949ms)
✔ 23. l'analyse déjà en tête n'est pas relistée juste en dessous (0.167912ms)
✔ 24. la bande compte les indicateurs qu'elle reçoit et cite ses producteurs sans logo (4.988188ms)
✔ 25. l'accueil ouvre les trois portes utiles sans atelier secondaire (0.414484ms)
✔ 26. France, territoires et dossiers précèdent Mandats (0.129507ms)
✔ 27. l'accueil reste court : trois portes, pas de second jeu de cartes, confiance, puis Mandats (0.356871ms)
✔ 28. la promesse d'accueil est brève et garde une seule action principale (0.227822ms)
✔ 28 bis. Mandats est explicitement une simulation présidentielle de cinq ans (0.094683ms)
✔ 29. aucun montant par habitant sur l'accueil entier (0.059401ms)
✔ 30. le module est pur : ni DOM, ni réseau, ni horloge, ni tirage caché (0.281375ms)
✔ 31. le message principal n'a qu'une rédaction en code, et une seule en HTML (0.892514ms)
✔ the home equation uses the latest common national year and never invents missing data (0.884327ms)
✔ the pilot has one slot per editorial page and expansion cannot exceed two (3.384009ms)
✔ gameplay, results, tools, sources, unknown routes and lookalikes stay protected (0.48162ms)
✔ programmatic consent and activation are independent requirements (0.202264ms)
✔ un dossier valide résout chaque preuve vers sa propre source, jamais la première (3.556718ms)
✔ un ancien dossier sans contenu long reste accepté tel quel (0.249411ms)
✔ les identifiants de source sont locaux, uniques et obligatoirement résolus (1.552781ms)
✔ une preuve liée à une série vérifie période, valeur, unité, source et flags (1.532727ms)
✔ deux unités dans une même visualisation exigent des axes exhaustifs et cohérents (0.679424ms)
✔ sections, sommaire et visualisations ne peuvent référencer un identifiant absent (0.775281ms)
✔ analyse-rendu garde les anciens JSON et refuse un contrat long incomplet (21.458836ms)
✔ les nouveaux montants gardent leur échelle, y compris dans une citation (18.611994ms)
✔ une unité déjà écrite dans une valeur n'est jamais répétée (4.91075ms)
✔ les références externes sont toutes en fin de dossier, les séries restent attribuées (7.026461ms)
✔ la courbe garde chaque observation et chaque période (1.412541ms)
✔ des instantanés sans groupe comparable ne deviennent pas un graphique de classement (0.782799ms)
✔ les barres restent à droite des graduations sur ordinateur et mobile (1.163347ms)
✔ la qualification distingue exactitude, périmètre et absence de preuve (2.277568ms)
✔ l'index pointe vers la page réelle de l'analyse, pas une ancre morte (finding 3) (21.538154ms)
✔ un corpus d'une seule analyse n'affiche aucune barre de filtres (0.488877ms)
✔ les thèmes deviennent des filtres directs quand le corpus le permet (1.930721ms)
✔ la barre de filtres nouvelle reste simple : thèmes et recherche (2.942386ms)
✔ la liste pré-rendue garde toutes les cartes lisibles avant JavaScript (0.701622ms)
✔ sans critère, le filtre ne retranche rien (0.529195ms)
✔ filtre par type d'analyse (0.225857ms)
✔ filtre par thème — une analyse est retenue par chacun de ses thèmes (0.369122ms)
✔ filtre par budget concerné (0.345201ms)
✔ les critères se cumulent (0.2483ms)
✔ la recherche est permissive : chaque mot compte, l'ordre et la contiguïté non (0.31247ms)
✔ la recherche porte sur le verdict et les chiffres, pas seulement sur le titre (0.182631ms)
✔ les contrôles de l'index restent accessibles (0.617444ms)
✔ tous les dossiers suivent la lecture continue et placent sources et date à la fin (26.381755ms)
✔ le dossier Groenland explique la sécurité avec un calendrier sourcé (2.197775ms)
✔ les cartes donnent des accès natifs et une introduction immédiatement lisible (0.563137ms)
✔ le rendu échappe le titre, le texte et les sources (0.260639ms)
✔ un taux garde sa décimale, même sur un compte rond (19.496229ms)
✔ un compte n'a jamais de décimale, même quand l'estimation en publie une (0.45215ms)
✔ un taux pour mille se lit en ‰, jamais le code interne de son unité (0.368389ms)
✔ chaque exercice publié a sa colonne, et une absence reste vide (1.768271ms)
✔ un indicateur sans valeur ne produit pas de ligne (1.77315ms)
✔ les montants sont en millions, et un petit budget ne s'efface pas (0.655563ms)
✔ les taux et les comptages gardent leur unité (0.481399ms)
✔ les thèmes suivent l'ordre de la fiche, pas l'ordre du catalogue (0.716109ms)
✔ un territoire sans donnée le dit plutôt que d'afficher une page vide (0.433782ms)
✔ la page annonce ce qu'elle contient et d'où viennent les années (1.430721ms)
✔ les crédits des missions sortent de la liste et gardent leurs colonnes (1.945753ms)
✔ un thème sans mission garde exactement le tableau qu'il avait (0.965645ms)
✔ chaque thème publié a un libellé lisible (0.94965ms)
✔ l'aperçu nomme la somme des écarts et montre les trois gestes les plus lourds (14.929751ms)
✔ les gestes sont classés par poids, pas par ordre de déclaration (0.849709ms)
✔ l'aperçu dit son unité et ne pose aucun total de dépense publique (0.689809ms)
✔ l'aperçu date ses écarts sur le cadre publié du budget qu'il chiffre (0.524253ms)
✔ un scénario qui traverse plusieurs exercices les nomme tous (2.827319ms)
✔ la clause de provenance tient dans ce qu'une carte de lien montre (1.109097ms)
✔ un budget que le scénario ne touche pas n'est pas nommé (0.390869ms)
✔ un budget touché sans cadre publié ne rend aucun aperçu (0.354924ms)
✔ le nom du scénario entre dans le titre, et le titre s'en passe (0.469716ms)
✔ un nom démesuré est borné plutôt que recopié (0.494281ms)
✔ un nom borné ne part jamais coupé au milieu d'un caractère (0.647396ms)
✔ une adresse sans budget lisible ne rend aucun aperçu — jamais une erreur (0.204953ms)
✔ le document servi ne porte qu'un jeu de balises d'aperçu (8.44523ms)
✔ l'aperçu sert l'image du simulateur, et ne touche pas au corps du document (1.255542ms)
✔ un gabarit sans balises de partage en reçoit quand même (0.461473ms)
✔ un document sans tête est rendu inchangé (0.18334ms)
✔ ce que l'adresse tend est échappé, jamais recopié dans le document (0.138995ms)
✔ l'edge lit l'entrepôt que le navigateur lit (1.250697ms)
✔ les matières taxables font le revenu déclaré total (1.178567ms)
✔ un taux ne s'applique qu'à ce qui dépasse la borne de sa tranche (0.169363ms)
✔ le taux moyen n'est pas la moyenne des taux affichés (0.218902ms)
✔ qui paie : les foyers au-dessus de la première tranche taxée (0.34522ms)
✔ un barème vide ne touche personne et ne rapporte rien (0.125226ms)
✔ l'écart se mesure contre l'impôt réellement émis (0.124916ms)
✔ un taux vit entre 0 et 100 points, et zéro n'est pas un réglage (0.19736ms)
✔ trois modes, et trois seulement (2.003874ms)
✔ le curseur du taux unique pose le même taux partout (0.235476ms)
✔ le barème suisse ne prétend pas dire ce que paie un Suisse (0.381263ms)
✔ un lien partagé ne règle que des bornes que le millésime porte (0.327915ms)
✔ le barème est publié à part, et son assiette est calculée au dépôt (0.228462ms)
✔ le récapitulatif est publié à part, sur le dernier exercice commun (0.206975ms)
✔ un barème redessiné dit qui paie plus et qui paie moins (0.520143ms)
✔ un barème inchangé ne dit rien (0.227779ms)
✔ les quatre blocs suivent l'argent, et dans cet ordre (25.388461ms)
✔ Bordeaux se lit comme la maquette l'a écrit (2.592735ms)
✔ le bloc des dépenses attribue la hausse à ses postes, le plus gros d'abord (4.604572ms)
✔ une décomposition qui ne somme pas au total n'est pas écrite (1.231887ms)
✔ sans catalogue, aucun bloc n'invente de hiérarchie (0.621793ms)
✔ la France nomme la famille de recettes qui porte la hausse (0.6245ms)
✔ la dépense de l'État pose son total sans rien décomposer ni s'en excuser (0.668035ms)
✔ une composante que la table ne nomme pas ne se dit pas, même décomposée (0.523329ms)
✔ les postes du budget de l'État n'empruntent aucun mot d'un autre cadre (0.989637ms)
✔ aucun bloc ne repose la variation en pourcentage qu'un repère porte déjà (1.458777ms)
✔ un taux qui varie se dirait en points, jamais en pourcentage (1.170851ms)
✔ aucun par-habitant hors des tableaux dépliés (1.272128ms)
✔ aucun tiret cadratin ni demi-cadratin dans le texte rendu (0.910851ms)
✔ l'élision et les contractions tiennent, y compris sur une énumération (2.956938ms)
✔ le verbe s'accorde avec le poste, pas avec le nombre de postes (0.769203ms)
✔ le pluriel des années commence à deux (1.336032ms)
✔ le titre du bloc est un h3 dans une section, sans micro-label gris (1.119778ms)
✔ le concours de l'État se dit une fois, et son libellé est accentué (0.458183ms)
✔ une maille sans comptes publiés n'écrit aucun bloc (0.285367ms)
✔ 1. la carte d'analyse porte le chiffre annoncé, le chiffre des comptes et le cran (2.721622ms)
✔ 1 bis. la carte d'analyse dit ce que son chiffre des comptes désigne (1.788206ms)
✔ 1 ter. la carte porte les deux chiffres publiés que son verdict oppose (1.112078ms)
✔ 1 quater. deux chiffres opposés de plus resserrent le corps sans toucher au pied (0.754956ms)
✔ 1 quinquies. la phrase qui nomme un chiffre n'est pas coupée : le corps cède (0.931885ms)
✔ 1 sexies. sous le plancher, la phrase est coupée — le dessin, lui, tient (0.645813ms)
✔ 2. la carte porte son unité — sans elle, des millions se lisent milliards (0.400686ms)
✔ 3. la carte porte sa source, son millésime et l'adresse du site (0.451889ms)
✔ 4. la carte d'analyse n'écrit aucun montant qu'elle n'a pas reçu (0.447076ms)
✔ 5. un titre très long est replié et coupé, jamais peint hors du cadre (1.217012ms)
✔ 6. un libellé très long ne recouvre pas sa valeur (0.674254ms)
✔ 7. « & », « < » et les guillemets droits sont échappés (0.442652ms)
✔ 8. sans chiffre des comptes, la rangée disparaît au lieu de peindre un vide (0.325355ms)
✔ 8 bis. sans chiffre des comptes, l'analyse n'annonce pas des millions d'euros (0.280784ms)
✔ 9. les cinq natures tiennent le cadre, la source, le millésime et l'adresse (0.612663ms)
✔ 10. aucun texte ne sort de sa bande : ni dans une marge, ni dans le pied (0.488967ms)
✔ 11. aucun texte n'en recouvre un autre (0.881515ms)
✔ 12. le modèle de largeur majore la fonte embarquée (0.167206ms)
✔ 13. le dessin garde une marge sur le modèle, et le test la borne (0.493597ms)
✔ 14. un titre en capitales tient — le cas mesuré qui débordait de 39 px (0.593668ms)
✔ 15. les quatre cartes qui alignent des montants portent leur unité (0.351655ms)
✔ 15 bis. la carte d'une page du site dit ce qu'elle est, sans emprunter une autre nature (0.470527ms)
✔ 16. la carte de scénario nomme la somme des écarts et ses trois gestes les plus lourds (0.60962ms)
✔ 16 bis. les écarts d'un scénario portent leur signe, comme partout ailleurs (0.541385ms)
✔ 17. la carte de scénario n'écrit aucun montant qu'elle n'a pas reçu (0.526982ms)
✔ 18. la comparaison n'écrit jamais la somme des deux colonnes (0.825889ms)
✔ 19. la comparaison montre les trois écarts les plus lourds, au plus gros des deux montants (1.202614ms)
✔ 20. la comparaison ne désigne aucune tête : deux colonnes au même corps (0.618605ms)
✔ 21. une cellule non réglée se distingue d'un zéro (0.929262ms)
✔ 22. la fiche porte trois chiffres et son exercice, et un taux varie en points (0.891334ms)
✔ 23. un taux publié pour mille varie en points, et pas d'un facteur dix (0.546081ms)
✔ 24. sans montant en euros, la fiche n'annonce pas des millions d'euros (0.265018ms)
✔ 25. la fiche ne porte que trois chiffres, dans l'ordre reçu (0.475453ms)
✔ 26. une affirmation très longue tient dans la carte de repère (0.243789ms)
✔ 27. les libellés très longs des quatre autres natures ne débordent pas (0.67357ms)
✔ 28. une carte sans source, sans millésime ou sans adresse ne se dessine pas (1.984342ms)
✔ 28 bis. l'intitulé d'une source réelle arrive entier, son millésime avec (0.723662ms)
✔ 28 bis (suite). au-delà de deux lignes la source est coupée, son millésime jamais (0.427463ms)
✔ 28 ter. une date de publication se dit « version », un exercice « millésime » (0.47227ms)
✔ 29. replier coupe au mot, et coupe en dur un mot plus long qu'une ligne (0.235163ms)
✔ 30. replier rend zéro ligne quand on ne lui en demande aucune (0.057976ms)
✔ l'adresse de publication du dépôt est peinte entière (0.790553ms)
✔ la mention d'unité cède la ligne à l'adresse, elle ne la coupe pas (0.422193ms)
✔ les trois variations d'une fiche gardent leur décimale (0.466971ms)
✔ la carte analytique ne dépend d'aucun fond tiers et ne duplique pas les noms (1.515806ms)
✔ chaque maille porte un remplissage, un contour et un détourage de sélection (0.226112ms)
✔ le total encaissé s'écrit en toutes lettres, pas en sept rangs suivis d'un sigle (100.369667ms)
✔ les parts se rapportent aux recettes, donc leur somme dépasse 100 € (1.878893ms)
✔ les recettes s'écrivent en positif, les dépenses en négatif (4.049267ms)
✔ le reste non détaillé est une ligne, jamais un silence (3.821811ms)
✔ la source est une ligne courte sous le tableau, pas une légende au-dessus (3.06286ms)
✔ les recettes se décomposent aussi, reste compris (3.161575ms)
✔ le premier poste s'ouvre, et la retraite n'y pèse pas ce que le libellé suggère (1.579061ms)
✔ aucune ligne « Retraites, chômage, allocations » ne résume plus les sept fonctions (1.477472ms)
✔ la ventilation n'existe qu'une fois : le doublon est mort (1.472483ms)
✔ le rapport des barres est celui des nombres, sur toute la liste triée (2.019546ms)
✔ « Où ils vont » se lit du plus lourd au plus léger, fonctions et postes mêlés (1.481317ms)
✔ la ventilation reste calculée sur son propre exercice, même si la mention n'est plus affichée (1.643817ms)
✔ sans ses sept fonctions, la ventilation se tait plutôt que d'en montrer six (1.205747ms)
✔ un exercice sans ses deux totaux n'est pas retenu (0.165117ms)
✔ rien n'est peint sans les deux totaux (0.094834ms)
✔ le bloc historique et son tableau sont retirés sans enlever la répartition (1.105945ms)
✔ l'historique se tait sur un seul exercice : une courbe d'un point n'en est pas une (1.485974ms)
✔ le squelette nomme le territoire demandé (1.104465ms)
✔ le squelette échappe le nom (0.21493ms)
✔ sans nom connu, le squelette ne l'invente pas (0.136989ms)
✔ le squelette a la forme de la fiche, pas celle d'un rond qui tourne (0.150959ms)
✔ aucun tiret cadratin dans l'état de chargement (0.102533ms)
✔ le même territoire demandé deux fois ne relance rien (0.223076ms)
✔ un autre territoire prend la main et périme le ticket précédent (0.103271ms)
✔ refermer un ticket périmé ne libère pas la demande en cours (0.08828ms)
✔ après fermeture, le même territoire peut être rouvert (0.175941ms)
✔ missing years are gaps, series stay distinct, and hostile labels are escaped (15.603806ms)
✔ annual positions follow elapsed time and both responsive drawings have labelled axes (0.65294ms)
✔ no data invents no graph and a single observation remains readable (0.509357ms)
✔ territory charts use local finances and never fabricate unavailable investment data (1.704928ms)
✔ local investment excludes debt principal and small village amounts remain visible (0.684071ms)
✔ a published lower bound stays a lower bound in year readouts (0.554075ms)
✔ quarterly and monthly observations keep their actual spacing (1.24625ms)
✔ European curves retain their legend colors and draw France last (1.262751ms)
✔ European charts show only four countries without an expansion button (1.123422ms)
✔ la citation porte le nombre, son unité, sa source, son millésime et le permalien (19.377855ms)
✔ un intitulé qui est une phrase entière ne double pas le point final (0.428973ms)
✔ un montant se cite en millions d'euros, jamais en k€ ni en Md€ (0.393433ms)
✔ un chiffre sans source n'est pas citable, et la citation est refusée (0.710057ms)
✔ un chiffre sans millésime n'est pas citable, et la citation est refusée (0.239225ms)
✔ un chiffre sans permalien ni intitulé n'est pas citable non plus (0.324238ms)
✔ un taux publié en pourcentage varie en points, pas en pourcentage (0.652839ms)
✔ un taux publié pour mille varie en points de son affichage, divisé par dix (0.589351ms)
✔ un montant varie en pourcentage, lui (0.690051ms)
✔ une citation par habitant nomme la population qui a servi à diviser (0.62526ms)
✔ un ratio sans dénominateur nommé n'est pas citable (0.271641ms)
✔ le permalien traverse la citation caractère pour caractère (2.033877ms)
✔ le presse-papiers reçoit exactement la citation composée (0.614044ms)
✔ un presse-papiers absent ou qui refuse se dit, il ne lève pas (0.413608ms)
✔ retient des communes de même catégorie et à population proche (2.12029ms)
✔ met en avant l'écart marquant en euros par habitant au même exercice (1.37344ms)
✔ ne fabrique pas de comparaison quand trop peu de pairs publient (0.18783ms)
✔ explique l'absence de pairs de population comparable (0.129259ms)
✔ deux niveaux différents : refus motivé, pas un tableau douteux (1.051507ms)
✔ moins de deux territoires : une invitation, pas un tableau vide (0.14239ms)
✔ une valeur manquante s'écrit, elle ne se remplit pas par un zéro (18.446707ms)
✔ sans population, le montant par habitant n'est pas inventé (0.76668ms)
✔ les compétences hors norme sont signalées (0.301785ms)
✔ l'écart de dépenses n'est jamais présenté comme un écart de gestion (1.700043ms)
✔ l'unité et la période accompagnent le tableau (0.617385ms)
✔ la population saisonnière est toujours signalée (0.163795ms)
✔ les deux chiffres d'une mission tiennent sur une seule ligne (18.005352ms)
✔ tous les exercices publiés ont leurs colonnes, votés et consommés côte à côte (1.730066ms)
✔ l'écart est une soustraction dans une mission, jamais une somme entre elles (1.241345ms)
✔ la légende pose l'unité, la définition de l'écart et l'ordre des lignes (0.997029ms)
✔ trois chiffres qui comptent des missions et n'en additionnent aucune (1.068198ms)
✔ un suffixe inattendu n'est pas apparié, et le rendu le nomme en rouge (1.074591ms)
✔ une mission qui n'aurait qu'un des deux chiffres n'est pas appariée (0.708368ms)
✔ deux libellés qui ne nomment pas la même mission ne s'apparient pas (0.188879ms)
✔ un exercice où un seul des deux montants est publié rougit l'écart (0.971624ms)
✔ une mission votée à zéro ne produit ni pourcentage ni division (0.946294ms)
✔ sans mission, le module ne rend rien (0.174354ms)
✔ les barres classées partent de zéro et écrivent chaque valeur (1.15361ms)
✔ les barres classées peuvent garder leur titre pour les lecteurs d'écran seulement (0.285299ms)
✔ une courbe d'écart nomme son constat et conserve les deux séries (21.022815ms)
✔ la composition encode les parts sans camembert (0.69434ms)
✔ les haltères et soldes rendent les valeurs sans dépendre de la couleur (0.789282ms)
✔ les barres de solde réservent une mise en page aux libellés longs (1.219188ms)
✔ le nuage comparatif porte ses axes, sa diagonale et ses libellés directs (0.610527ms)
✔ les points comparatifs rendent un classement lisible sur mobile (0.508456ms)
✔ le tableau exact reste disponible au clavier (0.255645ms)
✔ un thème hors liste ne rend rien : finances locales ne s'invite pas (5.058853ms)
✔ sept blocs rendus, dans l'ordre, un seul pour population/revenus/diplômes et un seul pour les deux tableaux de secteurs (9.118147ms)
✔ les emplois par secteur se rapportent au total commun (1.44597ms)
✔ logement ne garde que les cinq indicateurs retenus, jamais les logements vacants (1.443884ms)
✔ sécurité ne garde que les taux ayant une valeur au dernier exercice du thème (1.393419ms)
✔ vie associative nomme chaque association quand la liste nominative est chargée (1.343253ms)
✔ vie associative garde son agrégat sans liste nominative chargée (1.283531ms)
✔ une association sans nom nominatif publié quand le lot ne porte aucun bénéficiaire pour ce territoire (1.393087ms)
✔ aucune valeur publiée pour un thème : pas de bloc, jamais un tableau vide (0.222046ms)
✔ un indicateur en pourcentage se lit en note, jamais mêlé aux tables de comptes (1.554765ms)
✔ emploi et chômage se lisent en deux groupes de cartes, jamais en barres ni en table (1.536792ms)
✔ le revenu fiscal de référence se lit par foyer, jamais en total (1.3018ms)
✔ la pauvreté vient sous les diplômes, dans le même bloc fusionné (1.247757ms)
✔ âges, diplômes et pauvreté se lisent en barres, le taux de pauvreté en note (1.462012ms)
✔ un compte n'a pas de décimale dans le tableau des diplômes (1.848266ms)
✔ sécurité montre 2019, le dernier exercice et l'évolution en pourcentage (1.475783ms)
✔ les cellules de la sécurité sont du texte à plat, sans span de découpe (2.00731ms)
✔ vie associative liste les associations nommément, sans récap par mission (1.368627ms)
✔ dix associations visibles et la suite accessible par Voir plus (1.556157ms)
✔ aucune phrase du panneau ne date son chiffre (2.084848ms)
✔ aucune section ne porte d'icône : le titre part seul (1.346159ms)
✔ emploi ouvre sur un chiffre detache de sa phrase (1.114921ms)
✔ securite ouvre sur son taux, sans barre d'ampleur (1.251859ms)
✔ aucune barre d'ampleur ne revient dans la colonne d'évolution (1.399654ms)
✔ le titre d'un thème n'a plus d'icône à négocier (2.194454ms)
✔ les montants des associations se lisent dans l'unité du total (2.077382ms)
✔ ni les groupes ni la liste des associations ne s'encadrent (1.681127ms)
✔ l'alignement à droite des nombres bat la règle générale de la table (1.253611ms)
✔ la capacité de désendettement compte des années d'épargne (1.030735ms)
✔ une épargne nulle ou négative ne produit pas de capacité de désendettement (0.184047ms)
✔ un taux d'épargne négatif s'affiche : la collectivité dépense plus qu'elle n'encaisse (0.130727ms)
✔ un exercice où une entrée manque ne produit rien : pas de trou comblé (0.702796ms)
✔ les agrégats de délinquance somment des infractions et divisent par une seule population (1.143774ms)
✔ il manque un phénomène : l'agrégat de délinquance ne sort pas plutôt que de sous-compter (0.13997ms)
✔ un agrégat ne réunit que des classes comptées de la même façon (0.438105ms)
✔ les agrégats de délinquance ont la même composition à toutes les mailles (0.121382ms)
✔ aucune division ne se tente sur un dénominateur nul (0.159679ms)
✔ la part hors commune du foncier est une différence de taux, pas une part (0.205652ms)
✔ la dette locale se dit en mois de niveau de vie médian (0.210232ms)
✔ un calcul ne s'applique qu'aux mailles qu'il déclare (0.111187ms)
✔ un calcul dont une entrée manque au catalogue n'entre pas au catalogue (0.180787ms)
✔ un calcul n'annonce que les millésimes et les mailles communs à ses entrées (0.241411ms)
✔ un indicateur calculé ne s'additionne pas et se dit calculé (0.202185ms)
✔ chaque calcul porte une définition, une définition technique et une formule (0.127611ms)
✔ les infractions révélées par l'activité des services le disent (0.083591ms)
✔ un calcul en attente de sa donnée ne s'affiche pas, et s'affichera seul (0.160903ms)
✔ une somme dont les composantes ne comptent pas la même chose n'est pas produite (0.406664ms)
✔ les classes répartissent les territoires en parts égales (1.404348ms)
✔ une valeur extrême n'écrase pas l'échelle (1.64967ms)
✔ aucune classe sans donnée (0.253009ms)
✔ un territoire sans population n'est pas colorié par habitant (0.559515ms)
✔ les montants gardent leur unité et leur ordre de grandeur (12.167857ms)
✔ les masses en millions ou milliards ne gardent aucune décimale (0.401912ms)
✔ un montant se lit en millions d'euros, du plus petit au plus grand (1.208175ms)
✔ la surface consommée se lit en hectares dès que le m² ne se lit plus (0.400167ms)
✔ une médiane ne se divise pas par la population (0.299766ms)
✔ la décimale fixe ne sert qu'aux colonnes comparées (0.842424ms)
✔ un taux se formate en pourcentage, jamais en euros (0.429169ms)
✔ le pourcentage n'est pas multiplié par cent (0.25125ms)
✔ un taux négatif garde son signe, au signe moins typographique (0.323235ms)
✔ le séparateur décimal est français partout (0.471889ms)
✔ la note de légende suit l'unité au lieu de l'affirmer (0.321116ms)
✔ chaque exercice se divise par sa propre population (0.148581ms)
✔ à défaut de référence OFGL, le repli est signalé et non maquillé (0.125241ms)
✔ une population nulle ne passe pas pour un dénominateur valide (0.1035ms)
✔ la note du « par habitant » nomme le facteur de confusion principal (0.101962ms)
✔ une unité inconnue se voit au lieu de passer pour des euros (0.207585ms)
✔ les unités connues gardent leur mise en forme (0.193527ms)
✔ les taux de la source en pour mille s'affichent en % du bon dénominateur (0.161555ms)
✔ l'APL s'affiche en consultations par an, jamais en euros ni en pourcents (0.122124ms)
✔ une distribution massée sur zéro ne produit pas de classes en doublon (0.314458ms)
✔ un délai de paiement ne se légende pas en euros (0.238678ms)
✔ un loyer au mètre carré ne se légende pas en euros courants (0.222959ms)
✔ les unités des dossiers longs gardent leur échelle publiée (0.625633ms)
✔ le libellé explicite la base, l'échelle et le dénominateur (0.162037ms)
✔ les pays portent leur nom français, jamais leur code (25.939106ms)
✔ la table reprend exactement les quatre pays des graphiques (1.827618ms)
✔ la source Europe mène à la fiche Eurostat réellement indexée (2.257214ms)
✔ plusieurs séries Eurostat ne répètent pas le même producteur (1.72908ms)
✔ le tableau est trié sur la dépense, du plus haut au plus bas (4.208417ms)
✔ un rang ne se dit jamais sans son effectif, et n'inclut pas les agrégats (1.874485ms)
✔ l'Union garde sa majuscule dans la phrase (1.635468ms)
✔ un pays qui ne publie pas l'exercice laisse une cellule vide (3.69681ms)
✔ les millésimes de chaque colonne sont écrits, parce qu'ils diffèrent (1.688075ms)
✔ la ligne de la France est marquée, sans couleur de jugement (2.022549ms)
✔ la comparaison européenne utilise deux classements de points lisibles (1.478098ms)
✔ la note sous la comparaison ne garde que la source (1.766396ms)
✔ le déficit garde son signe (7.681158ms)
✔ un excédent conserve son signe positif (1.497956ms)
✔ sans dépense ni prélèvements pour la France, le bloc ne s'affiche pas (0.259222ms)
✔ une comparaison accepte deux pays et refuse un pays seul (1.068584ms)
✔ les comparaisons graphiques se limitent à quatre pays sans bouton (1.614267ms)
✔ les événements d'interface passent par le document sans exprimer de choix (2.260062ms)
✔ une grandeur additive varie en %, un taux varie en points (1.451423ms)
✔ la variation en % se calcule sur les territoires présents les deux années (0.946141ms)
✔ une valeur de départ nulle ne produit pas d'infini : pas de valeur du tout (1.339739ms)
✔ le dénominateur du % est |N−1| : partir de −10 pour arriver à −5 est +50 % (0.172176ms)
✔ un taux varie en points : de 10 à 12, +2 points — jamais +20 % (0.228867ms)
✔ une valeur non finie n'entre pas dans la couche (0.170177ms)
✔ hausses et baisses sont classées séparément, zéro pour pivot (0.475854ms)
✔ une variation nulle se range du côté des hausses, pas des baisses (0.371107ms)
✔ tout monte : une seule rampe, pas de classe de baisse vide dans la légende (0.274812ms)
✔ un seul côté clairsemé garde son contraste face à l'autre (0.305223ms)
✔ aucune classe sans donnée (0.16366ms)
✔ une variation s'affiche signée, avec le moins typographique (14.546748ms)
✔ la décimale imposée ne sert qu'aux colonnes, jamais à la carte (0.619468ms)
✔ une variation qui s'arrondit à zéro s'écrit « 0 », sans signe (0.397959ms)
✔ les points s'écrivent en points, singulier compris (0.362964ms)
✔ les taux pour mille suivent leur conversion d'affichage (÷ 10) (0.515442ms)
✔ la légende dit ce qu'elle montre : les deux millésimes et l'unité de la variation (0.194157ms)
✔ la note explique le gris, les points, et la déclinaison par habitant (0.314043ms)
✔ les lignes sont celles des blocs, dans leur ordre, sans doublon (2.569493ms)
✔ la fenêtre part de 2019 : un exercice antérieur n'a pas de colonne (0.275662ms)
✔ un exercice manquant à une ligne laisse une case vide, pas un zéro (3.876271ms)
✔ une seule colonne ne fait pas un tableau (0.381162ms)
✔ un identifiant sans série ne fait pas une ligne vide (0.358376ms)
✔ l'unité est dans la légende, à l'échelle du tableau entier (3.010175ms)
✔ les évolutions et le tableau sont directement visibles (1.988377ms)
✔ épargne, dette et investissement partagent un seul graphique avec leurs années (1.813672ms)
✔ un tableau de l'État se lit en milliards, pas en millions (0.612074ms)
✔ le poste national se dit comme le bloc le dit, le libellé publié en infobulle (0.356122ms)
✔ la colonne des variations garde sa décimale sur un compte rond (0.465622ms)
✔ la courbe communale utilise la même unité pour son axe et sa légende (2.910761ms)
✔ aucun tiret cadratin ni demi-cadratin (0.384897ms)
✔ rien à montrer n'écrit rien (0.110854ms)
✔ tous les thèmes nommés sont rangés à la main, aucun par défaut (1.472197ms)
✔ l'ordre de lecture range l'argent public avant le reste (0.26896ms)
✔ la fiche ne termine plus par des actions de partage ou de téléchargement (20.658901ms)
✔ la fiche communale s'ouvre sur une lecture séparant fonctionnement et dette (11.005873ms)
✔ la fiche ne répète plus un lien source sous les comptes (7.090467ms)
✔ aucune ligne de mandat ne s'écrit sur la fiche (6.412205ms)
✔ la fiche ne montre plus une seule liste d'indicateurs (6.5778ms)
✔ la fiche communale hiérarchise les comptes sans bloc de comparaison (7.081465ms)
✔ la suite des données reprend l'alignement de la fiche (1.20408ms)
✔ aucun tiret cadratin ni demi-cadratin dans la fiche produite (7.596325ms)
✔ le territoire parent de l'en-tête est un bouton, pas un mot gris (9.281493ms)
✔ la population porte son infobulle sans se faire passer pour un lien (6.456028ms)
✔ la fenêtre est la même à toutes les mailles, quelle que soit l'élection (6.337282ms)
✔ un salaire mensuel n'est pas un agrégat et ne se lit pas en M€ (0.442766ms)
✔ l'exécutif porte le titre de sa maille, jamais « Maire » partout (1.564137ms)
✔ le prédécesseur est nommé, parce que c'est lui qui a présidé aux comptes (1.517198ms)
✔ un exécutif reconduit n'est pas son propre prédécesseur (1.016856ms)
✔ la reconduction se lit sur le nom normalisé, pas sur la chaîne (0.828134ms)
✔ sans successeur publié, aucune fin de mandat n'est inventée (0.432488ms)
✔ sans prédécesseur publié, aucune ligne vide ne s'écrit (0.659591ms)
✔ le total France est annoncé avec l'année et les points de comparaison (21.119428ms)
✔ les fonctions sont triées par poids décroissant (2.078475ms)
✔ une valeur absente chez un voisin s'écrit — plutôt que zéro (2.011607ms)
✔ aucune réserve qui s'excuse sous le tableau (1.984957ms)
✔ sans donnée France, le bloc ne s'affiche pas du tout (0.236746ms)
✔ les dix fonctions sont déclarées et distinctes (0.16943ms)
✔ une décomposition qui ne se referme pas sur son total ne s'affiche pas (2.098365ms)
✔ une seule fonction manquante efface le bloc (0.243165ms)
✔ l'évolution se dit en points de PIB, jamais en pourcents (2.038752ms)
✔ un seul exercice publié retire la colonne d'évolution sans effacer le bloc (2.621407ms)
✔ la note sous le tableau ne répète plus son unité et ne garde que la source (1.259258ms)
✔ chaque fonction porte une glose qui dit ce qu'elle contient (1.225372ms)
✔ fournitures : la lecture publique ne demande pas de déchiffrer une base statistique (14.380078ms)
✔ fournitures : la comparaison historique est calculée avec les observations Insee vérifiées (0.279055ms)
✔ fournitures : le graphique en euros reprend les quatre rentrées publiées par Familles de France (0.880631ms)
✔ fournitures : la réponse courte utilise aussi le langage courant (0.230885ms)
✔ France : tous les chapitres de la maquette sont rendus une fois, dans l’ordre (18.816662ms)
✔ France : les montants proviennent des séries, pas des chiffres de la maquette (7.610467ms)
✔ France : la répartition des dépenses utilise une seule année commune (7.231237ms)
✔ France : la redistribution compare les deux situations d’une même année et neuf seuils (7.192214ms)
✔ France : toutes les analyses calculées restent accessibles et leurs ancres sont uniques (8.041166ms)
✔ France : les liens de sources pointent les fiches réellement indexées (8.930336ms)
✔ France : un jeu incomplet ne produit ni montant inventé ni ancre morte (4.006652ms)
✔ France : aucune interpolation graphique au-dessus d’une année manquante (7.570068ms)
✔ une garde non armée n'absorbe rien (0.900351ms)
✔ le clic fantôme qui suit le geste est absorbé (0.169113ms)
✔ un seul clic est absorbé par geste (0.262411ms)
✔ passé la fenêtre, le clic est rendu à la carte (0.124452ms)
✔ réarmer rouvre la fenêtre (0.18365ms)
✔ la fenêtre par défaut couvre le délai du clic de compatibilité (0.151502ms)
✔ les pas d'échelle sont ronds, jamais ajustés aux données (0.887955ms)
✔ le zéro entre dans l'échelle quand il est à portée (0.344386ms)
✔ le zéro n'est pas imposé quand il écraserait la série (0.227887ms)
✔ les graduations couvrent toujours le maximum (0.16749ms)
✔ l'axe du temps marque les débuts d'année (1.243ms)
✔ les périodes se lisent en français (19.057605ms)
✔ le dessin porte une courbe par série et casse la ligne sur un trou (2.013485ms)
✔ le zéro absent des données ne fait pas disparaître la ligne zéro d'une série qui le croise (0.399659ms)
✔ le résumé accessible nomme les bornes et les dernières valeurs (2.006222ms)
✔ une abscisse de pointeur retombe sur la période la plus proche (0.873079ms)
✔ sans donnée, pas de dessin (0.26173ms)
✔ un dessin étroit resserre ses marges et grossit ses étiquettes (0.145509ms)
✔ un dessin large réserve la largeur des graduations à trois chiffres (0.135161ms)
✔ chaque texte porte sa taille, aucune ne dépend de la seule feuille de style (1.206714ms)
✔ le chômage trace la proportion des actifs et exclut les années sans dénominateur (20.512976ms)
✔ un dénominateur nul ne produit pas un ratio infini (0.235679ms)
✔ un effectif a une valeur lisible sans unité technique (1.249268ms)
✔ birth cohorts are labelled as generations and drawn as points (0.960068ms)
✔ les impôts et les dépenses se lisent comme une variation en pourcentage (1.199804ms)
✔ la comparaison aligne seulement les voisins publiés au même exercice (19.720647ms)
✔ une comparaison trop partielle n'est pas affichée (0.426991ms)
✔ les courbes européennes respectent fenêtre, fréquence, absences et couleurs stables (2.739052ms)
✔ l’enrichissement conserve les unités et les graphiques dérivés (1.294197ms)
✔ le catalogue déclare exactement 47 trajectoires et 24 missions uniques (0.914364ms)
✔ une trajectoire en pourcentage traverse zéro et s'exprime en points (4.578251ms)
✔ une baisse ne reçoit jamais un signe positif dans l'analyse (0.314019ms)
✔ une valeur individuelle en euros ne devient jamais 0,00 M€ (0.465605ms)
✔ une longue série nationale privilégie 2017 comme point de comparaison (0.317327ms)
✔ le générateur retire les cartes de promesse budgétaire (3.786191ms)
✔ une trajectoire Eurostat reçoit la comparaison des voisins au même exercice (0.742705ms)
✔ Gini compare uniquement les pays UE avec la même série harmonisée (1.117919ms)
✔ insightsFrance produit les angles composés sans cartes de promesse budgétaire (9.029434ms)
✔ insightsFrance supprime seulement les angles dont les séries sont insuffisantes (0.413609ms)
✔ insightsFrance ajoute le catalogue générique après les lectures composées (0.926937ms)
✔ renduInsights rend l'analyse et la comparaison, jamais la réserve (1.576477ms)
✔ renduInsights ne peint pas une section vide (0.282272ms)
✔ les arbitrages France restent tous dans le document et sont regroupés par thème (0.604021ms)
✔ quatre analyses territoriales essentielles sont immédiatement visibles (0.486022ms)
✔ une carte sans comparaison ne crée pas de paragraphe fantôme (0.349047ms)
✔ chaque analyse avec historique possède son graphique et son agrandissement (18.067289ms)
✔ insightsTerritoire ajoute les arbitrages financiers aux lectures de contexte (5.613384ms)
✔ insightsTerritoire refuse les ratios impossibles et les unités inattendues (0.19387ms)
✔ derniere ignore les valeurs non finies et garde la période la plus récente (11.758218ms)
✔ periodeCommune rend la dernière période publiée par toutes les séries (0.32686ms)
✔ variation décrit deux bornes positives sans inventer une période (0.2105ms)
✔ variation refuse une seule valeur, un départ nul et un changement de signe (0.139213ms)
✔ ecartRelatif mesure l'exécuté contre le voté et refuse un vote nul (0.176759ms)
✔ une maille que le site ne connaît plus n'est jamais proposée (2.136374ms)
✔ chaque suggestion porte un libellé, jamais un code technique (0.289507ms)
✔ la maille affichée passe devant (0.27288ms)
✔ le code INSEE trouve son territoire, le préfixe trouve son nom (0.165013ms)
✔ la liste ne dépasse jamais huit lignes (8.482734ms)
✔ la maille suit le zoom (0.234912ms)
✔ un arrondissement municipal se cherche (0.264613ms)
✔ la France se cherche, les unités de déclaration européennes non (0.348278ms)
✔ une maille sans tuiles n'est jamais une maille de carte (0.840692ms)
✔ branch starts immediately before the selected decision and keeps the original result (143.396556ms)
✔ branch selection rejects unplayed decisions, fractional turns, and corrupt histories (39.299891ms)
✔ reference reads tolerate invalid JSON, unsupported envelopes, oversize, and unavailable storage (86.901018ms)
✔ comparison reports factual indicator deltas at matching progress (103.478193ms)
✔ comparison at turn zero uses the original starting state, not its final indicators (37.109174ms)
✔ replay selection shows real historical dossiers, choices, and a zero-based branch turn (154.201211ms)
✔ full comparison uses equal progress and offers continuation or original restoration (180.427128ms)
✔ municipal: 45 dossiers réellement distincts, trois choix et calendrier cohérent (21.606649ms)
✔ municipal: chaque dossier propose une voie sans financement nouveau (4.047849ms)
✔ municipal: effets calibrés, délais annuels et extinction des aides identifiables (11.333009ms)
✔ municipal: les fils ne supposent pas un chantier refusé et pointent des choix existants (4.485005ms)
✔ national: 45 dossiers réellement distincts, trois choix et calendrier cohérent (4.01837ms)
✔ national: chaque dossier propose une voie sans financement nouveau (3.474768ms)
✔ national: effets calibrés, délais annuels et extinction des aides identifiables (19.432561ms)
✔ national: les fils ne supposent pas un chantier refusé et pointent des choix existants (3.979371ms)
✔ les campagnes compilées sont indépendantes des adaptations de ville (13.10383ms)
✔ les identifiants ne se chevauchent pas entre modes (5.671047ms)
✔ v3 municipal: 45 positions, annual timeline, direct choices, grouped journal and plan (337.645977ms)
✔ v3 national: 45 positions, annual timeline, direct choices, grouped journal and plan (281.672613ms)
✔ v3 accounts distinguish in-year forecasts from annual settlements (21.401988ms)
✔ observed city data remains available to the data layer while the public mandate UI stays national (308.617886ms)
✔ campaign v3 municipal: 45 decisions, annual cash/debt accounting, 48 seeded paths (5248.37589ms)
✔ campaign v3 municipal: save resumes mid-year and after 45 decisions with identical effects (174.581479ms)
✔ campaign v3 national: 45 decisions, annual cash/debt accounting, 48 seeded paths (5145.981406ms)
✔ campaign v3 national: save resumes mid-year and after 45 decisions with identical effects (250.06762ms)
✔ campaign v3: delayed delivery follows years, fires exactly once and survives mid-year resume (399.689698ms)
✔ campaign v3: real-city scale, solvability and complete offline snapshot remain distinct from observations (273.119008ms)
✔ campaign v3: unavailable or injected choices cannot mutate the current mandate (1.035059ms)
✔ cinema art is selected deterministically from dossier themes (1.39295ms)
✔ end of the dossier sequence selects the legacy setting (0.206161ms)
✔ commune loader: provenance, one vintage, no duplicate charges, immutable offline snapshot (19.37659ms)
✔ planner uses frozen rules, compares the same year and never writes the saved game (37.076525ms)
✔ decision links reconstruct only the prior context and retain v1/v2 rules (7.823696ms)
✔ all card types and sizes label simulation and render every legal decision without invalid values (129.669441ms)
✔ pilot records nothing before consent, excludes decision data, expires export and erases on withdrawal (0.721845ms)
✔ inspiration imports require authorization and evidence; drafts stay human-controlled (1.144975ms)
✔ offline updates await the new worker and preserve an active version on failure (12.617746ms)
✔ scene feedback names only the committed choice and follows its affected area (7.087155ms)
✔ progress counts only committed projects and inherited feedback resets to baseline (6.780055ms)
✔ scene reaction reports measured positive and negative service changes (1.3796ms)
✔ first decision uses the selected ambition baseline and French decimal punctuation (8.541088ms)
✔ one gesture can commit only once until its transition finishes (1.348713ms)
✔ cancelling navigation clears a queued decision callback (2.438718ms)
✔ municipal ledger reconciles capital, savings and debt (1.245709ms)
✔ national stock-flow bridge and nominal GDP are separate (0.455664ms)
✔ new rates reach only the disclosed refinancing fraction (1.04299ms)
✔ renovation arrives exactly once after two years, including after resume (1.539532ms)
✔ determinism, bounded scores, complete campaigns and finance invariants over every legal path (476.632726ms)
✔ imports reject unknown versions, injected decisions, long data and invalid seeds (0.690268ms)
✔ result replay round-trips, challenge has no decisions, SVG is bounded and labelled (2.120588ms)
✔ annual recap celebrates completion, shows history deltas and keeps one next action (117.873624ms)
✔ annual recap remains unavailable before a year is closed (12.493685ms)
✔ annual briefing preserves next dossier context and enters the year in one action (2.805353ms)
✔ final recap compares start with finish and links replay from preserved decision counts (40.660126ms)
✔ annual balance uses the signed deficit direction (2.414315ms)
✔ rendered history and decisions are escaped (45.395682ms)
✔ a rejected law in the completed seed 1 route is replayable without claiming its proposed effects (114.641979ms)
✔ render routes v9 year and final screens to the standalone living panels while preserving plan access (249.994844ms)
✔ local context: observed history and nullable flags, no invented demographic trend (7.623472ms)
✔ same financial size, different observed profiles: topics, order, options and effects change (12.693181ms)
✔ local campaigns: 45 decisions, six annual closures, recovery and deterministic offline replay (3527.877746ms)
✔ v3 remains a different, replayable 45-decision campaign (80.881141ms)
✔ v4 challenge/result links carry the local context and retain the 45-decision horizon (100.213795ms)
✔ local evidence stays below the one-click choices with no intermediate disclosure (5.16317ms)
✔ national v4 remains a full 45-decision, five-year campaign (242.994635ms)
✔ temporary support shows its immediate benefit, training shows its delayed delivery (1.702867ms)
✔ novice presentation covers all 18 local dossiers without turning financial data into a building diagnosis (3.463771ms)
✔ agenda contains thirty reforms, twenty-five opportunities and fifteen substantive crises (2.068733ms)
✔ a difficult first vote applies once and leads directly to another reform (4.236422ms)
✔ 45 decisions preserve thirty reforms, bounded delayed crises, balance and deterministic saves (4916.174255ms)
✔ opportunities depend on earlier choices; recovery cancels a latent crisis (2.185756ms)
✔ closed branches reject imports and alternatives replay without mutating the mandate (6.142687ms)
✔ residence is committed once with a delayed implementation and no confirmation card (3.985237ms)
✔ v10 political history restores its actual dossier without unlocking a fake reform (4.698826ms)
✔ a rejected v10 law is seen but cannot unlock a reform opportunity or social crisis (1.163454ms)
✔ 70 unique dossiers have unique choice IDs and a forty-five decision route (2.481845ms)
✔ a committed reform changes the next dossier and illegal branches cannot be imported (4.713617ms)
✔ withdrawal restores the inflated saving exactly across an annual boundary (10.953543ms)
✔ a proposal on residence yields no saving before its conditional implementation (26.373707ms)
✔ three distinct strict strategies reach balance for every annual crisis seed (2965.385583ms)
✔ support paths retain different final dossiers, budgets and material conditions (155.831357ms)
✔ all seventy dossiers are reachable and replay remains deterministic across interleaved games (155.093457ms)
✔ tax incidence follows contributors and does not penalise protected beneficiaries (20.361569ms)
✔ annual social penalties neither compound nor survive a recovery (45.359426ms)
✔ France exposes the committed measure in three short facts at most (3.84247ms)
✔ France impact remains concise when a measure changes several systems (1.282406ms)
✔ a year-end measure keeps the delivery year of the committed decision (22.484193ms)
✔ v6 starts at 153 and immediately accounts for tax and spending decisions (5.8818ms)
✔ annual closure shows the closed ledger and deferred receipts wait for their year (12.80744ms)
✔ v6 full campaign is replayable and its final balance measures annual deficit (98.718687ms)
✔ v5 retains its historical deficit and first-year interest rule (1.103326ms)
✔ legacy national games retain their debt presentation and historical objective (2.72428ms)
✔ each national dossier offers a real spending reduction with a visible trade-off (428.78664ms)
✔ tax choices identify different bases, both increases and reductions, with distinct timing (4.257775ms)
✔ fiscal controls cost now and yield only after the next annual transition (23.558425ms)
✔ the exceptional profit levy ends once, without being treated as a permanent tax (54.306339ms)
✔ saving, service and investment strategies finish with five budgets and different legacies (762.286133ms)
✔ old national saves and challenge rules stay unchanged after playing v5 (133.31503ms)
✔ France scene preserves delivery timing and survives resume over all 45 decisions (469.298106ms)
✔ inherited France hides player projects and restores initial indicators (2.927283ms)
✔ living France uses actual public-service and equipment indicators without changing finances (38.277226ms)
✔ unfunded and unchosen projects never appear as construction or delivery (45.609354ms)
✔ inherited living scene restores its initial appearance, not the current mandate outcomes (10.268804ms)
✔ municipal: every authored decision has concise, complete novice copy (6.691798ms)
✔ national: every authored decision has concise, complete novice copy (5.618793ms)
✔ readable amounts retain scale and recurring or temporary timing (1.498626ms)
✔ legacy campaigns keep their original meaning and recovery choices stay explained (0.363463ms)
✔ repayment copy does not promise lower net debt when borrowing may offset it (0.503519ms)
✔ game and essential methodology remain ad-free even with full consent (1.336833ms)
✔ listening is paused by default, sensitive cases rejected, safe cases reviewed (0.454104ms)
✔ observed facts require source and licence; assumptions cannot impersonate them (0.304103ms)
✔ the opening wealth levy and hospital credits form an actual, vote-gated package (3.208864ms)
✔ the ally bargain cannot appear without the enacted package commitment (0.541332ms)
✔ political dossiers map to concrete engine actions and costly alternatives (0.964794ms)
✔ rupture is only selected by institutional crisis state, not low trust or popularity alone (0.415553ms)
✔ political choice IDs use the frozen `pol-` namespace and no generic hold-the-course option (0.690364ms)
✔ a seeded public-accounts scandal is reachable through ordinary play after turn 12 (0.359716ms)
✔ v10 saves contain deterministic inputs, reconstruct politics, and reject forged decisions (8.120257ms)
✔ v10 branch references restore political state from the actual decision prefix (3.946954ms)
✔ canonical early ending survives a shared result, local restore, and branch archive (234.883639ms)
✔ the same opening bill funds its effects when passed and grants none when rejected (5.921322ms)
✔ a 577-seat tally and its next dossier replay identically after save restoration (7.463699ms)
✔ a refused ally bargain leads to a real censure, cabinet change and election that governs later votes (10.178233ms)
✔ cover-ups escalate to a distinct destitution route that ends early and survives replay (54.70048ms)
✔ v9 remains politically frozen while v10 can continue to an early ending (0.603091ms)
✔ calibration: twenty-five hostile strategies lose power before the fifth year (2982.383919ms)
✔ vote sequence renders all 577 seats and labels the committed result and consequences (25.208801ms)
✔ political HUD reports coalition, legitimacy, tension, group seats, and pending obligations (2.466451ms)
✔ election HUD uses the saved seat allocation and current coalition instead of a zero-vote verdict (1.040667ms)
✔ HUD last vote names the real censure outcome (16.414423ms)
✔ early ending explains actual causes and period played without claiming five years (1.117788ms)
✔ seat renderer never fabricates votes if the supplied breakdown is incomplete (1.812256ms)
✔ chamber diagrams use the supplied total and sequential stages rather than assuming 577 (10.2038ms)
✔ election seat diagrams show seats by bloc and never the ballot for/against tally (3.005162ms)
✔ censure and destitution verdicts name the actual government outcome (1.725684ms)
✔ v10 begins with 577 seats and repeats the same vote from the same seed and choices (8.046319ms)
✔ a rejected opening bill cannot apply revenue, spending, services, or a commitment (1.435173ms)
✔ censure only removes the government; the presidential mandate continues (4.653238ms)
✔ a dissolution produces 577 deterministic seat results and blocks another election for six slots (6.48386ms)
✔ destitution is a separate three-stage two-thirds procedure, not a 289-seat vote (0.559974ms)
✔ a high-pressure scandal can end early and disables every later choice (35.249612ms)
✔ two grave institutional breaches open a three-decision repair window and another breach accelerates it (1.01421ms)
✔ the institutional repair window is respected even when legitimacy and unrest are already critical (0.4248ms)
✔ publishing the scandal can repair the independent institutional crisis without erasing political consequences (0.409352ms)
✔ term completion happens after decision 30, never after decision 29, and an unresolved crisis cannot masquerade as a normal ending (0.606284ms)
✔ progression starts empty and ignores unfinished games (2.689527ms)
✔ completed v9 mandates create a compact local archive (50.172321ms)
✔ each choice leads to the next dossier with an optional report, then the final debrief (19.995487ms)
✔ territory detail exposes every score input with current values in both modes (1.542875ms)
✔ landing archives show and distinguish interrupted-only mandates (0.514393ms)
✔ direct France entry starts the current five-chapter mandate while old challenges retain their rules (3.545495ms)
✔ adopting a challenge consumes its entry URL and preserves progress after reload (4.57072ms)
✔ replaying or importing from a shared result cannot reopen the old result (2.099325ms)
✔ same-page result navigation is read-only and removing the fragment returns to selection (1.825073ms)
✔ v9 is a five chapter national campaign with six decisions per year (89.663533ms)
✔ v9 keeps mission and seed deterministic for exact replay (13.879493ms)
✔ v9 onboarding offers three missions and annual recap gates chapters (7.385386ms)
✔ v9 final result is multidimensional without a global government score (55.725681ms)
✔ v9 challenge card carries the selected mission without player choices (1.011668ms)
✔ v9 crisis dossiers break visually from ordinary decisions (12.685405ms)
✔ landing archives expose replay progress without storing political choices (0.723323ms)
✔ v1 saves, result links, fiscal copy and exact scores stay frozen (10.812584ms)
✔ v2 priorities round-trip through saves, results, challenges and cards (10.325409ms)
✔ art upgrades reflect delivered projects only, inherited and light views stay truthful (3.231272ms)
✔ territorial adaptation mitigates the later national shock (1.51238ms)
✔ cash and public trust count, unfunded future charges reduce the score (1.296762ms)
✔ every effective event seed can finish, and each priority changes the best strategy (523.657775ms)
✔ les crans de la grille sont exactement CRANS de controle_analyses.py (finding F) (5.69233ms)
✔ les confusions de la grille sont exactement CONFUSIONS de controle_analyses.py (finding F) (0.617986ms)
✔ les registres de la grille sont exactement REGISTRES de controle_analyses.py (finding F) (0.475267ms)
✔ les trois crans figurent avec leur formulation exacte (0.569472ms)
✔ aucun cran ne porte de jugement — la page le dit explicitement (0.277085ms)
✔ les dix confusions figurent, chacune avec ce qu'elle désigne (0.330383ms)
✔ le cran hors_perimetre est rattaché aux dix confusions (0.433452ms)
✔ les sept registres figurent, et le septième dit que l'opinion n'existe pas (0.326944ms)
✔ le critère de choix des sujets est écrit, sans auteur ni orientation (0.328126ms)
✔ le rendu est pur : deux appels produisent la même chaîne (0.365747ms)
✔ le rendu ne prend aucune donnée en entrée (0.164181ms)
✔ chaque jeu de la fixture existe dans le registre versionné du dépôt (0.565202ms)
✔ les producteurs nommés sont exactement ceux des jeux reçus (16.496015ms)
✔ la bibliographie est repliée, et son décompte reste lisible fermé (0.502676ms)
✔ l'ordre est celui du manifeste : aucun tri, donc aucun palmarès (0.460103ms)
✔ chaque jeu mène à son fichier, avec sa licence et la date de lecture (0.669303ms)
✔ aucune adresse n'est écrite dans le module : elles viennent toutes du manifeste (0.793041ms)
✔ les décomptes passent par formater, séparateurs compris (0.442943ms)
✔ un manifeste vide ne rend rien du tout (0.067843ms)
✔ un seul jeu se dit au singulier (0.227518ms)
✔ les champs du manifeste sont échappés (0.351897ms)
✔ une date d'extraction illisible se rend telle quelle, jamais en « Invalid Date » (0.290171ms)
✔ le rendu des sources est pur : deux appels produisent la même chaîne (0.49539ms)
✔ la méthode tient les règles d'affichage du site (0.219355ms)
✔ la méthode décrit le site tel qu'il est, pas tel qu'il fut (0.146313ms)
✔ les intertitres de la page sont exactement la liste fermée du module (0.626624ms)
✔ aucun intertitre n'annonce une lacune (0.273384ms)
✔ la page parle du site, jamais au lecteur (0.449067ms)
✔ aucune réserve qui s'excuse (0.555245ms)
✔ le rendu de la méthode est pur et ne prend aucune donnée (0.097292ms)
✔ le bilan ne porte plus le cadre d'attribution et la méthode reste éditoriale (1.461669ms)
✔ la page Sources garde les jeux, les études et les ancres des fiches (1.013066ms)
✔ la page Sources regroupe les études officielles utilisées par les arbitrages (0.540555ms)
✔ les études officielles ont une liste éditoriale et une ancre dégagée de l'entête (1.415259ms)
✔ le registre rend recherche filtres et fiches normalisées (0.584147ms)
✔ les marches se disent en M€, comme le compteur qu'elles jalonnent (2.082101ms)
✔ le compteur somme les déficits, jamais les soldes (1.488628ms)
✔ le compteur descend à mesure qu'on comble, et s'arrête à zéro (0.506334ms)
✔ un contrat verrouille la ligne, il ne se contente pas de la signaler (0.620575ms)
✔ « sans lever un impôt » ferme la hausse et laisse la baisse (0.362281ms)
✔ le barème se verrouille tranche par tranche, pas sur son rendement (0.327227ms)
✔ les contraintes se cumulent, et le verrou le plus fort gagne (0.226833ms)
✔ la ligne qui élimine les transferts entre branches est toujours verrouillée (0.312136ms)
✔ les quatre contraintes ont une clé, un nom et une ligne d'interdit (0.459475ms)
✔ le verdict éditorial montre son millésime, son solde et son calcul (2.967451ms)
✔ le verdict ne répète pas la source sous son calcul (1.075542ms)
✔ le verdict nomme un excédent sans le déguiser en dépense négative (0.530696ms)
✔ le verdict qualifie des comptes à l'équilibre (0.434628ms)
✔ sans ouverture, le verdict attend une période partagée sans imposer de seuil chiffré (0.211443ms)
✔ la dette annonce son montant, son millésime et sa part de PIB (1.874315ms)
✔ les sous-secteurs perdent le préfixe « Dette de » que le titre porte déjà (0.699083ms)
✔ sans France publiée, le bloc dette ne s'écrit pas (0.113215ms)
✔ sans part de PIB, le bloc dette ne s'écrit pas — il pose les deux ou rien (0.211427ms)
✔ la comparaison européenne nomme ses pays et souligne la France (1.302854ms)
✔ une valeur absente chez un voisin s'écrit — plutôt que zéro (1.030937ms)
✔ l'année du tableau est celle de la série française, pas une constante (1.159193ms)
✔ sans France publiée, le bloc européen ne s'écrit pas (0.107948ms)
✔ l'enveloppe pose l'Europe dans son cadre, et rend ce qu'elle rendait (1.053629ms)
✔ sans France publiée, l'enveloppe rend false et ne touche pas au cadre (0.105452ms)
✔ les pensions entrent au tableau des voisins, avec leur propre millésime (2.051058ms)
✔ un pays sans pension publiée garde sa ligne et perd sa cellule (0.958548ms)
✔ le second tableau compare le niveau de vie et les faits enregistrés (0.69536ms)
✔ chaque colonne du second tableau porte son propre millésime (0.634961ms)
✔ sans ces séries publiées, le second tableau n'existe pas (0.202535ms)
✔ la vieillesse seule a sa colonne : une série publiée se montre (0.463972ms)
✔ Mandats est une entrée native indépendante du chargement des données (1.076911ms)
✔ la navigation expose l’accueil et les cinq destinations utiles (0.856566ms)
✔ l’accueil est une entrée native et reste courant à la racine (0.243549ms)
✔ France est la destination courante sur le chemin historique du bilan (0.150819ms)
✔ Mandats est la destination courante avec ou sans barre finale (0.557206ms)
✔ Analyses est une destination native active sur l’index et ses dossiers (0.234445ms)
✔ Salaires reste une destination native secondaire (0.173109ms)
✔ le menu partagé contient les cinq destinations principales (0.14124ms)
✔ un clic sur une destination indisponible est annulé avant la navigation (0.258115ms)
✔ le clic natif de Simuler disponible prépare la navigation interne (0.317187ms)
✔ un territoire non noté ne peint rien plutôt qu'un cadre vide (1.298717ms)
✔ le détail additionné redonne le total affiché (12.29051ms)
✔ la note possède une lecture empilée explicite pour le téléphone (0.78742ms)
✔ la colonne de points garde sa décimale (0.617837ms)
✔ un taux varie en points, jamais en pourcentage (0.78951ms)
✔ le pluriel commence à 2, et l'espace de l'unité est insécable (0.602286ms)
✔ une épargne nulle se dit en toutes lettres, jamais en durée (0.281141ms)
✔ la note pose le premier exercice à côté du dernier (1.147627ms)
✔ le premier exercice se déduit des séries, il n'est pas écrit en dur (0.580546ms)
✔ le bloc porte son exercice et sa source (0.865378ms)
✔ le bloc ne porte aucun paragraphe de portée (0.846174ms)
✔ la note ne porte plus de dépliant exercice par exercice (0.843339ms)
✔ l'évolution a sa colonne, jamais celle de l'exercice d'arrivée (0.845206ms)
✔ un même nombre n'est pas écrit deux fois dans le tableau de la note (0.570272ms)
✔ aucune cellule vide ne s'excuse (0.581553ms)
✔ la solvabilité d'un exercice est la somme de ses deux termes affichés (0.14891ms)
✔ un exercice sans les trois séries n'a pas de solvabilité (0.059045ms)
✔ le bloc lit le barème de SON échelon (0.221276ms)
✔ la phrase d'exécutif ne revendique que les exercices entièrement couverts (4.834262ms)
✔ un ancien exécutif ne se dit pas au présent (0.601818ms)
✔ un exécutif entré après le dernier exercice n'est pas nommé (0.260433ms)
✔ un seul exercice couvert se dit au singulier (0.346894ms)
✔ le nom de l'exécutif est échappé dans la légende (0.232166ms)
✔ la note se décompose, et les trois termes font le total (0.958825ms)
✔ le barème est borné aux deux bouts (0.304997ms)
✔ une épargne négative ne rembourse rien, et ce n'est pas une donnée absente (0.315631ms)
✔ sans borne d'ouverture, la trajectoire ne punit ni ne récompense (0.223735ms)
✔ les trois séries se lisent sur le même exercice, jamais sur trois (0.26316ms)
✔ un territoire sans les trois séries n'est pas noté plutôt que noté zéro (0.194762ms)
✔ la mention ne dépend pas des voisins (0.418344ms)
✔ un département n'est pas noté au barème d'une commune (0.251232ms)
✔ la France n'a pas de barème, et n'est donc pas notée (0.348064ms)
✔ une note dit de quel barème elle sort (0.333264ms)
✔ le barème n'a que trois termes, et aucun ne juge un choix politique (0.694404ms)
✔ la base des écarts reste 2017 dans les données (1.186174ms)
✔ le détail historique est retiré du chapitre d'ouverture (7.751509ms)
✔ sans indice des prix, aucun chiffre « inflation retirée » ne s'écrit (1.078036ms)
✔ le graphique d'ouverture reste la preuve visible (1.162232ms)
✔ le tableau d'évolution donne ses deux bouts, du début à la fin (1.043938ms)
✔ l'historique remonte à 2000 quand les séries le permettent, sans déplacer la base narrative (0.469418ms)
✔ la phrase du décrochage disparaît le jour où elle serait fausse (1.283008ms)
✔ le pont des périmètres nomme les deux encaissements (0.75491ms)
✔ la lecture par-habitant est partie : elle brouillait plus qu'elle n'aidait (1.254743ms)
✔ une variation s'écrit signée, une décimale, en pourcentage (0.47382ms)
✔ la base est déclarée dans le module, pas enfouie dans un calcul (0.809875ms)
✔ deux exercices au moins, sinon rien : une photo n'est pas un bilan (1.916177ms)
✔ l'ouverture ne calcule plus les synthèses et repères retirés du gabarit (0.473391ms)
✔ les deux bouts ne se chevauchent jamais (10.453367ms)
✔ le haut se lit de haut en bas, le bas de bas en haut (0.603901ms)
✔ le dénombrement porte sur ceux qui publient, jamais sur ceux qui existent (9.057752ms)
✔ un ex æquo ne fait pas bouger le palmarès d'une visite à l'autre (0.90689ms)
✔ la médiane est écrite, pour que les deux bouts aient un milieu (1.238708ms)
✔ un exercice minoritaire est compté, jamais tu (1.758696ms)
✔ un échelon entièrement sur le même exercice ne dit rien de plus (0.779915ms)
✔ les notes gardent leur décimale : c'est une colonne (1.256498ms)
✔ un échelon inconnu ne peint rien plutôt qu'un tableau sans dénominateur (0.371648ms)
✔ chaque ligne ouvre la fiche du territoire, et son nom est échappé (1.12178ms)
✔ le titre s'accorde avec le genre de l'échelon (1.770792ms)
✔ les ex æquo du plafond sont comptés, et départagés par la population (1.540678ms)
✔ sans ex æquo, rien n'est dit : la première est la première (1.035433ms)
✔ un territoire sans population publiée n'est pas écarté (0.307809ms)
✔ les deux bouts montrent les plus peuplées, y compris le bas (0.554716ms)
✔ des ex æquo partagent leur rang, ils n'en reçoivent pas d'inventés (0.975558ms)
✔ les titres de colonnes s'accordent aussi, pas seulement celui du haut (1.812032ms)
✔ le groupe n'a plus de paragraphe de cadrage : le titre et la liste, rien d'autre (0.761143ms)
✔ la place du territoire se lit dans la liste, sur sa propre ligne (0.493424ms)
✔ la fenêtre contient toujours le territoire, même loin des deux bouts (0.345331ms)
✔ la fenêtre glisse vers le bord plutôt que de se tronquer (0.115804ms)
✔ une fenêtre demandée plus grande que le groupe ne déborde pas (0.060388ms)
✔ un rang partagé se lit dans la liste : les ex æquo portent le même rang (0.712899ms)
✔ le territoire lu se reconnaît dans sa propre liste (0.46532ms)
✔ un groupe vide ne peint rien plutôt qu'une section sans tableau (0.154784ms)
✔ un groupe sans écart ne se compare pas : « à égalité avec tous » ne dit rien (0.246904ms)
✔ l'exercice minoritaire reste compté par voisinage(), même sans phrase à l'écran (0.348878ms)
✔ le permalien rend le budget encodé caractère pour caractère (2.344657ms)
✔ le permalien d'un scénario s'ouvre sur le budget qu'il porte (1.434369ms)
✔ le résumé d'un scénario reprend l'aperçu mot pour mot (16.020949ms)
✔ le résumé d'une comparaison pose deux colonnes, jamais leur somme (0.731685ms)
✔ la forme de l'effort dessine le sens et le relief de chaque geste (0.293408ms)
✔ la variante compacte montre la forme et garde le détail pour le lien (0.649858ms)
✔ seule une analyse porte une image, parce que seule une analyse en a une (1.656704ms)
✔ sans navigator.share, le presse-papiers prend le relais (0.297696ms)
✔ le panneau du système, quand il existe, reçoit le lien à part du texte (0.198169ms)
✔ l'image d'une analyse ne part pas avec le résumé : ni collée, ni attachée (0.391001ms)
✔ fermer le panneau de partage n'est pas un échec (0.447658ms)
✔ un panneau qui échoue vraiment retombe sur le presse-papiers (0.291357ms)
✔ sans aucun canal, le geste le dit plutôt que de prétendre avoir copié (0.147035ms)
✔ la variante compacte est celle qui part, quand c'est elle qu'on demande (0.548534ms)
✔ l'image, l'aperçu et le collage disent l'unité dans les mêmes mots (0.707514ms)
✔ le partage n'appelle aucun tiers (10.92627ms)
✔ la fiche partagée porte son nom, sa maille, trois chiffres et leur exercice (0.393189ms)
✔ la fiche partagée s'arrête à trois chiffres, comme sa carte (0.250852ms)
✔ une fiche sans repère publié ne pose pas une unité sans nombre (0.239444ms)
✔ une fiche n'annonce aucune image : le build n'en écrit pas 34 875 (0.210595ms)
✔ rapporte dépenses et épargne brute aux recettes du même exercice sans remboursement publié (1.395603ms)
✔ n'affiche aucune part quand les recettes ou une composante manquent (0.234393ms)
✔ ne mélange pas le stock de dette et le flux d'investissement dans la barre (0.262925ms)
✔ annonce le dépassement quand les dépenses dépassent les recettes (0.164829ms)
✔ déduit le capital et l'épargne nette avant de parler de l'argent disponible (0.217047ms)
✔ la variation d'un agrégat se répartit sur ses composantes (2.485533ms)
✔ la phrase nomme les postes qui font l'essentiel du mouvement (14.208204ms)
✔ un poste absent des deux côtés n'empêche rien (0.284623ms)
✔ une variante de périmètre n'est pas une composante (0.881667ms)
✔ sans l'identité qui la prouve, la variante n'est pas écartée (0.22376ms)
✔ une décomposition partielle est refusée, pas complétée (0.12726ms)
✔ un poste lisible d'un seul côté fait tomber toute la décomposition (0.219977ms)
✔ une somme qui ne redonne pas le total est refusée (0.274109ms)
✔ une composante unique ne décompose rien (0.363439ms)
✔ un poste à contre-courant est nommé quand il pèse (0.491861ms)
✔ le libellé garde sa capitale : « Concours de l'État », jamais « l'état » (0.517927ms)
✔ la clause s'accroche à une phrase, elle n'en commence pas une (0.316162ms)
✔ les questions se normalisent sans accent ni stockage dans une URL (1.310683ms)
✔ une formulation connue reçoit une réponse statique (0.429644ms)
✔ une question hors corpus n'invente aucune réponse (1.894766ms)
✔ une requête faible ou sans sujet précis est refusée (5.150025ms)
✔ une polarité inversée ne reçoit qu'un lien canonique, jamais le texte d'une réponse (0.559052ms)
✔ une formulation réellement partagée propose les dossiers sans répondre (0.710987ms)
✔ chaque réponse a une page stable et une provenance qualifiée (0.383794ms)
✔ les réponses comparatives citent chaque série mobilisée (0.322052ms)
✔ le graphique de recettes conserve les deux millésimes (2.513126ms)
✔ la TVA ne porte pas de variation nue : sa note de périmètre la remplace (0.586613ms)
✔ les recettes s'écrivent en positif, du plus gros au plus petit (1.407496ms)
✔ un reste par soustraction n'affiche pas de variation (0.560051ms)
✔ le total est la série publiée, jamais la somme des lignes (0.360994ms)
✔ les notes de tableau sont retirées (0.459907ms)
✔ la base retombe sur le premier exercice commun quand 2017 manque (0.428463ms)
✔ rien ne s'écrit sans le catalogue ou sans deux exercices (0.305716ms)
✔ la TVA reste lisible directement sur le graphique (0.344032ms)
✔ les deux colonnes et leur écart, décile par décile (23.6875ms)
✔ l'écart porte son signe, et il change de sens selon le décile (1.410102ms)
✔ un montant unitaire ne s'écrit pas en millions d'euros (1.607409ms)
✔ deux exercices différents ne font pas un écart (0.265708ms)
✔ le rapport interdécile se lit des deux côtés (1.786769ms)
✔ la source est une ligne courte sous le tableau, pas une légende au-dessus (1.428784ms)
✔ rien n'est peint tant que les séries ne sont pas publiées (0.290595ms)
✔ le registre fusionne une source primaire et liste ses pages (8.340053ms)
✔ les usages du registre suivent les mailles publiées et les contrats de simulation (0.413372ms)
✔ le registre garde des identifiants et un ordre stables malgré l'ordre des entrées (0.453461ms)
✔ le registre distingue les estimations et les règles du jeu sans les faire passer pour publiées (0.30881ms)
✔ la recherche ignore les accents et le filtre de statut (0.266733ms)
✔ des URLs canoniques distinctes gardent leur identifiant malgré un slug en collision (0.503606ms)
✔ une source mixte conserve tous ses usages et le statut le plus prudent (0.324444ms)
✔ le registre omet les métadonnées absentes d'une publication sans interrompre le pré-rendu (0.281242ms)
✔ une provenance mène à la fiche exacte du registre (0.532603ms)
✔ le registre choisit la source publiée pour chaque niveau territorial (0.581214ms)
✔ les quatre repères suivent le trajet de l'argent, pas l'ordre du catalogue (2.156044ms)
✔ les intitulés tiennent en trois mots et s'accordent avec la maille (1.039424ms)
✔ un rôle sans série publiée disparaît, il ne s'affiche pas vide (0.502056ms)
✔ une variation ne traverse pas zéro (1.979897ms)
✔ départements et régions gardent la borne 2019 des analyses détaillées (0.335518ms)
✔ un repère garde sa décimale sur un compte rond (12.428325ms)
✔ le rendu dit le rôle avant le terme, et l'unité en toutes lettres (0.837068ms)
✔ le repère prend le premier exercice réellement publié quand 2019 manque (0.451383ms)
✔ les trois états ne portent pas de filet d'accent vertical (1.447393ms)
✔ les noms sont rendus par code (1.311155ms)
✔ le dénominateur est celui de l'exercice affiché (0.184028ms)
✔ un exercice sans référence retombe sur la population municipale (0.103298ms)
✔ un territoire sans aucun dénominateur est absent de la table (0.100263ms)
✔ l'index est lu quand il est publié (0.156865ms)
✔ une publication sans index ne renvoie pas d'erreur mais un repli (0.228604ms)
✔ un index vide ne rend ni nom ni dénominateur (0.15594ms)
✔ un code ne désigne un territoire qu'avec sa maille (1.508153ms)
✔ la racine et /accueil/ servent l'accueil (2.55639ms)
✔ un chemin nomme sa vue (0.244058ms)
✔ la racine sans fragment ne demande aucune vue (0.137816ms)
✔ les anciens liens à fragment ouvrent ce qu'ils promettaient (0.185844ms)
✔ une ancre interne n'est pas une vue (0.201591ms)
✔ un chemin inconnu ne nomme aucune vue (0.091405ms)
✔ le chemin d'une vue est stable (0.169647ms)
✔ le bilan historique demeure l'adresse de la France (0.256855ms)
✔ un alias ne désigne jamais un autre alias (0.561986ms)
✔ les segments s'accommodent des barres obliques (1.712497ms)
✔ le simulateur V3 est l'entrée par défaut sans casser les permaliens V2 (0.48149ms)
✔ les anciens permaliens du simulateur convergent vers la seule interface publique (0.195834ms)
✔ la marque texte du gabarit Salaires retourne vers l'accueil public (0.271405ms)
✔ l'entree Salaires autonome charge la direction approuvee apres les styles legacy (0.393988ms)
✔ la répartition collective couvre les dix missions au même exercice et refuse un total incohérent (1.459172ms)
✔ les retraites et le chômage sont séparés sans compter deux fois les prestations (0.588192ms)
✔ l’historique ne mélange pas des exercices incomplets ou des bases différentes (5.700738ms)
✔ le solde se lit signé, en % du PIB, chiffres tabulaires (17.322591ms)
✔ la question du titre reçoit sa réponse, avec les choses nommées (1.629707ms)
✔ un exercice par colonne, en ordre, et le solde est l'écart entre deux lignes (1.757433ms)
✔ une année dont le détail manque garde sa colonne, en tirets (0.754797ms)
✔ les colonnes comparées gardent leur décimale, même sur un compte rond (0.781336ms)
✔ aucune réserve qui s'excuse sous le tableau (0.798236ms)
✔ le bloc ne porte que la maquette validée : ni comparaison de pays, ni 100 € (0.663539ms)
✔ sans données françaises ou sans indicateur publié, le bloc ne s'affiche pas (0.186003ms)
✔ le tableau accessible masqué ne crée aucun arrêt invisible au clavier (0.783563ms)
✔ le groupe le plus fin est retenu dès qu'il atteint l'effectif minimal (1.354636ms)
✔ une commune atypique retombe sur un jeu plus large, elle ne perd pas son repère (0.27146ms)
✔ le jeu le plus large lui-même trop petit ne peint rien (0.131101ms)
✔ un critère manquant vaut absence de groupe, jamais un groupe approché (0.208318ms)
✔ une valeur sans intitulé ne produit pas « groupe 11 » (0.274483ms)
✔ une maille sans critères publiés n'a pas de groupe (0.148271ms)
✔ deux clés qui ne diffèrent que par un critère écarté se rejoignent au bon rang (0.256033ms)
✔ chaque branche porte ce qu'elle paie, sur le nœud que l'écran affiche (1.280058ms)
✔ l'écart entre la somme des branches et le consolidé est une ligne visible, des deux côtés (0.297622ms)
✔ les codes de chaque branche sont préfixés, jusque dans les feuilles (0.143738ms)
✔ les cinq branches et les trois échelons sont ceux que l'écran et le pré-rendu construisent (0.740588ms)
✔ le montant d'un nœud est la somme de ses feuilles, jamais son `v` publié (0.859942ms)
✔ le budget de départ est la somme exacte de ses lignes (0.255271ms)
✔ les réglages se composent au lieu de se remplacer (0.309896ms)
✔ baisser une dépense améliore le solde, baisser une recette le dégrade (0.188892ms)
✔ un prélèvement sur recettes qui monte fait baisser les recettes nettes (1.518353ms)
✔ les cadratins des intitulés officiels ne sortent jamais du modèle (0.339965ms)
✔ un réglage à zéro n'existe pas, et les réglages sont bornés à ±100 (0.135934ms)
✔ un budget fait l'aller-retour par l'URL sans perdre une ligne (0.911239ms)
✔ un lien partagé survit à la disparition d'une ligne (0.363645ms)
✔ l'écart se traduit en programme seulement quand un programme en est proche (0.381317ms)
✔ le défi de l'école voit une coupe cachée au fond de la mission (0.276087ms)
✔ les défis disent leur progression et ce qui les bloque (0.250753ms)
✔ le plan classe les lignes réglées par ce qu'elles pèsent (0.228662ms)
✔ le plan ignore une ligne réglée qui n'existe plus (0.086402ms)
✔ la recherche trouve sans accent, à toute profondeur, les plus grosses d'abord (0.610211ms)
✔ le rang se compte du plus élevé au plus bas (1.221378ms)
✔ les ex æquo prennent le même rang, et le suivant saute (0.363471ms)
✔ le dénombrement ne compte que les territoires qui publient (0.142888ms)
✔ un territoire qui ne publie pas n'a pas de ligne (0.568316ms)
✔ il faut au moins deux valeurs pour qu'un rang existe (0.180183ms)
✔ le rendu dit le rang, l'effectif, la maille et le sens du classement (12.911984ms)
✔ le premier prend « er », pas « e » (0.555715ms)
✔ la France n'a personne à qui se comparer : rien ne s'écrit (0.232809ms)
✔ le montant qui a produit le rang se lit à côté du rang (1.680681ms)
✔ le classement s'ouvre, votre place est marquée, et les trous se disent (0.675738ms)
✔ le premier de la maille n'a personne au-dessus, et la phrase le dit (0.635795ms)
✔ les verbes du classement s'accordent à toutes les mailles (1.513196ms)
✔ sans requête, tout le sommaire reste affiché (0.866275ms)
✔ le filtre porte sur le libellé du thème (0.827391ms)
✔ le filtre porte aussi sur les noms d'indicateurs (0.246102ms)
✔ les accents ne font pas rater une entrée (0.172464ms)
✔ une requête sans réponse ne renvoie rien plutôt que tout (0.138054ms)
✔ normaliser retire accents et casse, rien d'autre (0.105838ms)
✔ chaque entrée porte son ancre et son nombre d'indicateurs (0.304844ms)
✔ les libellés du sommaire sont échappés (0.20735ms)
✔ aucun tiret cadratin dans le sommaire rendu (0.176586ms)
✔ la question reçoit sa réponse, et chaque nombre vient des séries (8.054312ms)
✔ les fins d'année conservent le dernier trimestre publié (2.413597ms)
✔ le coût d'un nouvel emprunt ne porte plus son propre graphique (1.989388ms)
✔ les porteurs restent dans la réponse, le doublon par habitant disparaît (2.433097ms)
✔ les voisins partagent le millésime de la France, sans tri par valeur (3.043815ms)
✔ sans la dette ou sans le taux au catalogue, rien ne s'écrit (0.322649ms)
✔ la projection reprend le tableau 5 de juillet 2026, sans prolongement en 2032 (1.635665ms)
✔ la comparaison principale de dette respecte les quatre pays approuves (1.740595ms)
✔ les passages marqués en gras le deviennent (0.842236ms)
✔ une définition ne peut pas écrire du HTML (0.179212ms)
✔ une étoile isolée reste une étoile (0.16411ms)
✔ l'échappement couvre les cinq caractères qui cassent une page (0.123059ms)
✔ un sigle de comptable public se dit en français, sigle conservé (1.047833ms)
✔ un libellé hors table ressort intact, à l'accentuation près (0.151022ms)
✔ l'accentuation corrige des mots entiers, jamais une règle aveugle (0.125341ms)
✔ chaque traduction de la table est elle-même correctement accentuée (0.366876ms)
✔ aucun tiret cadratin ni demi-cadratin dans les traductions publiées (0.231275ms)
✔ les cinq départements d'outre-mer ont une vue (1.012434ms)
✔ chaque préfixe de code mène à sa vue (0.190218ms)
✔ la carte se cadre sur des bornes, pas sur un centre figé (0.258435ms)
✔ ouvrir une fiche entraîne la carte (0.165567ms)
✔ la vue voyage dans l'URL, comme le reste de l'état (0.15526ms)
✔ la maille suit le zoom : régions de loin, communes de près (0.163524ms)
✔ la fiche d'un arrondissement s'ouvre sans faire changer la carte de couche (0.231607ms)
✔ l'intercommunalité n'est plus une maille du site (0.221148ms)
ℹ tests 1082
ℹ suites 0
ℹ pass 1082
ℹ fail 0
ℹ cancelled 0
ℹ skipped 0
ℹ todo 0
ℹ duration_ms 23704.682869
npm notice
npm notice New major version of npm available! 11.9.0 -> 12.2.0
npm notice Changelog: https://github.com/npm/cli/releases/tag/v12.2.0
npm notice To update run: npm install -g npm@12.2.0
npm notice

> build
> node --experimental-strip-types scripts/mandats-model-revisions.ts && tsc --noEmit && tsc -p tsconfig.scripts.json && tsc -p tsconfig.functions.json && vite build && node --experimental-strip-types scripts/mandats-assets.ts && node --experimental-strip-types scripts/prerendre.ts && node --experimental-strip-types scripts/mandats-guides.ts && node --experimental-strip-types scripts/mandats-offline.ts && node scripts/analytics-build.mjs

vite v7.3.6 building client environment for production...
transforming...
✓ 1014 modules transformed.
rendering chunks...
computing gzip size...
dist/mandats/france/hiver/index.html                                0.51 kB │ gzip:   0.33 kB
dist/salaires/index.html                                            2.56 kB │ gzip:   1.25 kB
dist/mandats/index.html                                             5.04 kB │ gzip:   1.87 kB
dist/confidentialite/index.html                                     6.34 kB │ gzip:   2.60 kB
dist/index.html                                                    13.69 kB │ gzip:   4.69 kB
dist/mandats/methode/index.html                                    28.93 kB │ gzip:  10.76 kB
dist/assets/land-leaf-grain-Dq3zfjHI.png                           54.19 kB
dist/assets/land-coastal-normal-5Lv01LFJ.png                       88.73 kB
dist/assets/land-stone-normal-CxQ85Rmx.png                        171.40 kB
dist/assets/land-leaf-normal-KsVL2iP_.png                         183.57 kB
dist/assets/land-earth-grain-DRREWpxX.png                         251.67 kB
dist/assets/land-crop-stalks-DqbEWteS.png                         337.75 kB
dist/assets/land-earth-normal-D8qTdGaP.png                        377.25 kB
dist/assets/land-mineral-rock-DqRxmUfD.png                        480.97 kB
dist/assets/land-mineral-normal-B2VVWRH9.png                    1,292.99 kB
dist/assets/welcome-diorama-D6QPWYbq.png                        1,733.11 kB
dist/assets/shared-design-D17Vxp_n.css                             30.54 kB │ gzip:   6.40 kB
dist/assets/site-shell-v2-DKHbEmDf.css                             45.67 kB │ gzip:   6.80 kB
dist/assets/game-B_-L39w0.css                                      81.76 kB │ gzip:  16.68 kB
dist/assets/chart-controls-BmTyk4Po.css                            88.09 kB │ gzip:  15.82 kB
dist/assets/style-Dn4VjWro.css                                    117.38 kB │ gzip:  19.72 kB
dist/assets/mandats-B5H7aFd6.css                                  175.23 kB │ gzip:  32.83 kB
dist/assets/principal-Ck7t8tFd.css                                306.24 kB │ gzip:  39.48 kB
dist/assets/kernelBlurVaryingDeclaration-BODRh1z8.js                0.21 kB │ gzip:   0.18 kB
dist/assets/kernelBlurVaryingDeclaration-BP9K7z3u.js                0.22 kB │ gzip:   0.19 kB
dist/assets/meshUboDeclaration-BT6CxIx0.js                          0.28 kB │ gzip:   0.24 kB
dist/assets/sceneVertexDeclaration-KFsLf99o.js                      0.33 kB │ gzip:   0.23 kB
dist/assets/bumpVertexDeclaration-mEQjSRR_.js                       0.40 kB │ gzip:   0.27 kB
dist/assets/pass.fragment-Cv85RasD.js                               0.42 kB │ gzip:   0.30 kB
dist/assets/sceneUboDeclaration-C9WeWSfC.js                         0.44 kB │ gzip:   0.28 kB
dist/assets/logDepthDeclaration-ByBCscwi.js                         0.47 kB │ gzip:   0.29 kB
dist/assets/shadowMapFragmentSoftTransparentShadow-vGArfHDG.js      0.47 kB │ gzip:   0.31 kB
dist/assets/shadowMapFragmentSoftTransparentShadow-D72tVu5y.js      0.51 kB │ gzip:   0.33 kB
dist/assets/packingFunctions-BvVSbVFP.js                            0.53 kB │ gzip:   0.29 kB
dist/assets/pass.fragment-nl5X6nk6.js                               0.55 kB │ gzip:   0.34 kB
dist/assets/postprocess.vertex-BIyaM03b.js                          0.56 kB │ gzip:   0.35 kB
dist/assets/packingFunctions-Cdo8_jZv.js                            0.56 kB │ gzip:   0.31 kB
dist/assets/procedural.vertex-5MJL69HS.js                           0.57 kB │ gzip:   0.35 kB
dist/assets/rgbdEncode.fragment-CxkzH10x.js                         0.58 kB │ gzip:   0.37 kB
dist/assets/rgbdDecode.fragment-DbY-pkGz.js                         0.59 kB │ gzip:   0.38 kB
dist/assets/depthBoxBlur.fragment-7AMcv5st.js                       0.63 kB │ gzip:   0.40 kB
dist/assets/ssaoCombine.fragment-BDDFlvbT.js                        0.67 kB │ gzip:   0.38 kB
dist/assets/postprocess.vertex-DWUb3zUw.js                          0.68 kB │ gzip:   0.40 kB
dist/assets/bumpVertex-BnL0NYqe.js                                  0.70 kB │ gzip:   0.38 kB
dist/assets/shared-design-BR6wKexh.js                               0.71 kB │ gzip:   0.40 kB
dist/assets/procedural.vertex-4Wr3UgAh.js                           0.71 kB │ gzip:   0.39 kB
dist/assets/rgbdEncode.fragment-CMV1C-Wb.js                         0.76 kB │ gzip:   0.43 kB
dist/assets/rgbdDecode.fragment-D5i4z8I1.js                         0.77 kB │ gzip:   0.44 kB
dist/assets/depthBoxBlur.fragment-B4IXtOGj.js                       0.81 kB │ gzip:   0.47 kB
dist/assets/ssaoCombine.fragment-BkLFnz6P.js                        0.91 kB │ gzip:   0.45 kB
dist/assets/passCube.fragment-C9ih9YY3.js                           0.92 kB │ gzip:   0.40 kB
dist/assets/imageProcessing.fragment-DI8J0iyx.js                    0.93 kB │ gzip:   0.50 kB
dist/assets/mesh.vertexData.functions-ayNlGC5K.js                   0.96 kB │ gzip:   0.49 kB
dist/assets/kernelBlur.vertex-yrRIfzmf.js                           1.00 kB │ gzip:   0.51 kB
dist/assets/instancesDeclaration-BwcUZqeu.js                        1.04 kB │ gzip:   0.36 kB
dist/assets/kernelBlur.vertex-Bf8nv7lK.js                           1.17 kB │ gzip:   0.55 kB
dist/assets/imageProcessing.fragment-CZ7v-Pyl.js                    1.20 kB │ gzip:   0.58 kB
dist/assets/passCube.fragment-D5iA452A.js                           1.23 kB │ gzip:   0.45 kB
dist/assets/clipPlaneFragment-D-EnT2yQ.js                           1.28 kB │ gzip:   0.37 kB
dist/assets/ddsTextureLoader-DFt8gdTX.js                            1.42 kB │ gzip:   0.69 kB
dist/assets/harmonicsFunctions-CXPcE_AP.js                          1.42 kB │ gzip:   0.53 kB
dist/assets/fxaa.vertex-Bxr8TaqY.js                                 1.54 kB │ gzip:   0.49 kB
dist/assets/salaires-Dflq8tUO.js                                    1.54 kB │ gzip:   0.81 kB
dist/assets/defaultUboDeclaration-C4m922fP.js                       1.63 kB │ gzip:   0.54 kB
dist/assets/glTFLoaderAnimation.pure-D0NTCLV_.js                    1.86 kB │ gzip:   0.84 kB
dist/assets/hdrTextureLoader-BGQvgh0h.js                            2.39 kB │ gzip:   1.14 kB
dist/assets/pbrUboDeclaration--ERFRM4y.js                           2.40 kB │ gzip:   0.67 kB
dist/assets/kernelBlur.fragment-CQi9D5u4.js                         2.41 kB │ gzip:   0.82 kB
dist/assets/iesTextureLoader-E__d4DKV.js                            2.59 kB │ gzip:   1.14 kB
dist/assets/pbrIBLFunctions-DfXFRhKX.js                             2.72 kB │ gzip:   0.88 kB
dist/assets/kernelBlur.fragment-Ceq3ei_n.js                         2.95 kB │ gzip:   0.89 kB
dist/assets/shadowMap.fragment-DU-ilQIB.js                          3.37 kB │ gzip:   1.19 kB
dist/assets/textureProcessor.fragment-DR3iwNRN.js                   3.59 kB │ gzip:   1.05 kB
dist/assets/tgaTextureLoader-BRu-nr9R.js                            3.63 kB │ gzip:   1.43 kB
dist/assets/cubemapToSphericalPolynomial-CChat9Os.js                3.67 kB │ gzip:   1.63 kB
dist/assets/dumpTools.pure-CIf8qJJq.js                              3.76 kB │ gzip:   1.81 kB
dist/assets/openpbrUboDeclaration-zsnl4KfM.js                       3.79 kB │ gzip:   0.99 kB
dist/assets/shadowMap.fragment-DLcLVE1J.js                          3.98 kB │ gzip:   1.30 kB
dist/assets/textureProcessor.fragment-KSHSWL3T.js                   4.48 kB │ gzip:   1.23 kB
dist/assets/shadowMap.vertex-fmBcca9o.js                            4.62 kB │ gzip:   1.57 kB
dist/assets/shadowMap.vertex-C4tG_EnJ.js                            4.82 kB │ gzip:   1.57 kB
dist/assets/imageProcessingFunctions-CvR1G32P.js                    4.93 kB │ gzip:   1.77 kB
dist/assets/openpbrUboDeclaration-CvSMQtja.js                       5.22 kB │ gzip:   1.05 kB
dist/assets/ssao2.fragment-DiJqLOcd.js                              5.47 kB │ gzip:   1.74 kB
dist/assets/reflectionFunction-C6AUySLM.js                          5.64 kB │ gzip:   1.37 kB
dist/assets/helperFunctions-DEj4gifu.js                             6.49 kB │ gzip:   2.17 kB
dist/assets/fxaa.fragment-BKU5ONII.js                               6.53 kB │ gzip:   1.74 kB
dist/assets/ssao2.fragment-BQJfj5cX.js                              6.96 kB │ gzip:   1.90 kB
dist/assets/dds.pure-CZAMW6RD.js                                    7.15 kB │ gzip:   2.52 kB
dist/assets/geometry.vertex-CAlUmEWP.js                             7.69 kB │ gzip:   1.92 kB
dist/assets/envTextureLoader-sHfoo1I9.js                            8.03 kB │ gzip:   3.21 kB
dist/assets/basisTextureLoader-BaRWF_CD.js                          8.05 kB │ gzip:   3.22 kB
dist/assets/bumpFragment-BqxkL1Lo.js                                8.08 kB │ gzip:   2.51 kB
dist/assets/geometry.vertex-Bc0WDDWE.js                             9.11 kB │ gzip:   2.06 kB
dist/assets/default.vertex-DKIpz1wh.js                              9.46 kB │ gzip:   2.45 kB
dist/assets/geometry.fragment-C_1BsuWs.js                          11.07 kB │ gzip:   3.07 kB
dist/assets/geometry.fragment-CrnZDSx1.js                          11.88 kB │ gzip:   3.05 kB
dist/assets/pbrMaterialLoadingAdapter-sLZmxmO9.js                  12.53 kB │ gzip:   2.42 kB
dist/assets/pbrBRDFFunctions-C0xboRuV.js                           12.76 kB │ gzip:   4.30 kB
dist/assets/exrTextureLoader-DLGyGs_N.js                           14.29 kB │ gzip:   5.26 kB
dist/assets/pbr.vertex-BqiJUoSj.js                                 14.47 kB │ gzip:   3.12 kB
dist/assets/clipPlaneVertex-T4b3THbr.js                            16.17 kB │ gzip:   2.71 kB
dist/assets/ktxTextureLoader-CCEn9172.js                           16.51 kB │ gzip:   4.82 kB
dist/assets/openpbr.vertex-DifkuvJE.js                             17.34 kB │ gzip:   3.38 kB
dist/assets/openpbrTransmissionLayerData-BAB6L9cZ.js               17.37 kB │ gzip:   4.01 kB
dist/assets/openpbrTransmissionLayerData-CD1s1cfX.js               18.47 kB │ gzip:   4.15 kB
dist/assets/openpbr.vertex-CO1zQolH.js                             20.10 kB │ gzip:   3.88 kB
dist/assets/chart-controls-BO495Dcv.js                             21.83 kB │ gzip:   8.43 kB
dist/assets/lightFragment-B7akhXcF.js                              22.59 kB │ gzip:   3.36 kB
dist/assets/logDepthVertex-BPZ8WmNL.js                             22.91 kB │ gzip:   3.74 kB
dist/assets/default.fragment-CoWqztaq.js                           26.48 kB │ gzip:   5.93 kB
dist/assets/openpbrMaterialLoadingAdapter-aKFTFAvm.js              33.71 kB │ gzip:   8.11 kB
dist/assets/animationGroup.pure-Df35ihSU.js                        42.69 kB │ gzip:  10.56 kB
dist/assets/pbrDebug-DwnrJkvl.js                                   45.37 kB │ gzip:  10.05 kB
dist/assets/oitFragment-CXiokiK_.js                                49.76 kB │ gzip:   9.82 kB
dist/assets/brdfTextureTools-DbTuwmTk.js                           61.40 kB │ gzip:  44.79 kB
dist/assets/openpbr.fragment-B75BaDHT.js                           88.35 kB │ gzip:  17.48 kB
dist/assets/openpbrMaterial.pure-hGihkubG.js                       90.49 kB │ gzip:  19.53 kB
dist/assets/openpbr.fragment-BkzKXwe-.js                           90.59 kB │ gzip:  17.62 kB
dist/assets/pbr.fragment-BaTWSo2-.js                               93.74 kB │ gzip:  16.75 kB
dist/assets/pbrMaterial.pure-DqHS-_55.js                          135.10 kB │ gzip:  25.76 kB
dist/assets/principal-BJheiWVh.js                               1,515.74 kB │ gzip: 427.01 kB
dist/assets/mandats-lHN_ghvN.js                                 3,180.71 kB │ gzip: 852.96 kB

(!) Some chunks are larger than 500 kB after minification. Consider:
- Using dynamic import() to code-split the application
- Use build.rollupOptions.output.manualChunks to improve chunking: https://rollupjs.org/configuration-options/#output-manualchunks
- Adjust chunk size limit for this warning via build.chunkSizeWarningLimit.
✓ built in 23.20s
Pré-rendu : l'accueil dans dist/index.html, 13 analyse(s), 6 réponse(s), dist/analyses/index.html, dist/sources/index.html, dist/bilan/index.html, 19 carte(s) de partage, 30 adresse(s) au plan du site, sous https://500signatures.fr.
Mandats : guides sourcés publiés et ajoutés au sitemap.
Mandats hors connexion : 147 ressources, version 1204fcecf4b3f974
Audience facultative : 28 documents préparés, aucune balise Google chargée sans acceptation.
npm notice
npm notice New major version of npm available! 11.9.0 -> 12.2.0
npm notice Changelog: https://github.com/npm/cli/releases/tag/v12.2.0
npm notice To update run: npm install -g npm@12.2.0
npm notice
npm notice
npm notice New major version of npm available! 11.9.0 -> 12.2.0
npm notice Changelog: https://github.com/npm/cli/releases/tag/v12.2.0
npm notice To update run: npm install -g npm@12.2.0
npm notice
